--Alterar a tabela para os campos corretos
alter table B$GC_FCBL add COUNT_ANNOTATION VARCHAR2(2048);
alter table B$GC_FCBL add G3E_PAIRCOUNTPREFIX NUMBER(1,0);
alter table B$GC_FCBL add POSITION NUMBER(3,0);   

--Arrumar a GC_FCBL
execute create_views.create_ltt_view('B$GC_FCBL'); 
execute create_triggers.create_ltt_trigger('B$GC_FCBL'); 
execute gdotriggers.create_gdotriggers('GC_FCBL'); 
execute ComponentQuery.Generate;
execute ComponentViewQuery.Generate;
execute gc_compileinvalidobjects;

insert into G3E_ATTRIBUTE (G3E_ANO, G3E_CNO, G3E_VNO, G3E_FIELD, G3E_USERNAME, G3E_FORMAT, G3E_PRECISION, G3E_DOMAINTABLE, G3E_DOMAINFIELD, G3E_REQUIRED, G3E_FINO, G3E_FUNCTIONALORDINAL, G3E_FUNCTIONALTYPE, G3E_INTERFACEARGUMENT, G3E_TOOLTIP, G3E_FOREIGNKEYTABLE, G3E_FOREIGNKEYFIELD, G3E_HYPERTEXT, G3E_PNO, G3E_COPY, G3E_EXCLUDEFROMEDIT, G3E_DATATYPE, G3E_ADDITIONALREFFIELDS, G3E_IMPORTFIELD, G3E_EXCLUDEFROMREPLACE, G3E_EDITDATE, G3E_WIDTHINTWIPS, G3E_CATALOGCOPYVALUE, G3E_LOCALECOMMENT, G3E_BREAKCOPY, G3E_COPYATTRIBUTE, G3E_WRAPTEXT, G3E_MERGEEXPRESSION, G3E_RINO, G3E_RIARGGROUPNO, G3E_UNIQUE, G3E_COMPRELATIVEANO, G3E_FUNCTIONALVALIDATION, G3E_ROLE, G3E_FKQRINO, G3E_FKQARGGROUPNO, G3E_DESCRIPTION)
values (720121, 7201, null, 'COUNT_ANNOTATION', 'Count Annotation', null, null, null, null, 0, null, null, null, null, null, null, null, null, null, 0, 0, 10, null, null, 0, sysdate, null, null, null, 1, 0, 1, null, null, null, 0, null, 1, 'EVERYONE', null, null, null);

insert into G3E_ATTRIBUTE (G3E_ANO, G3E_CNO, G3E_VNO, G3E_FIELD, G3E_USERNAME, G3E_FORMAT, G3E_PRECISION, G3E_DOMAINTABLE, G3E_DOMAINFIELD, G3E_REQUIRED, G3E_FINO, G3E_FUNCTIONALORDINAL, G3E_FUNCTIONALTYPE, G3E_INTERFACEARGUMENT, G3E_TOOLTIP, G3E_FOREIGNKEYTABLE, G3E_FOREIGNKEYFIELD, G3E_HYPERTEXT, G3E_PNO, G3E_COPY, G3E_EXCLUDEFROMEDIT, G3E_DATATYPE, G3E_ADDITIONALREFFIELDS, G3E_IMPORTFIELD, G3E_EXCLUDEFROMREPLACE, G3E_EDITDATE, G3E_WIDTHINTWIPS, G3E_CATALOGCOPYVALUE, G3E_LOCALECOMMENT, G3E_BREAKCOPY, G3E_COPYATTRIBUTE, G3E_WRAPTEXT, G3E_MERGEEXPRESSION, G3E_RINO, G3E_RIARGGROUPNO, G3E_UNIQUE, G3E_COMPRELATIVEANO, G3E_FUNCTIONALVALIDATION, G3E_ROLE, G3E_FKQRINO, G3E_FKQARGGROUPNO, G3E_DESCRIPTION)
values (720122, 7201, null, 'G3E_PAIRCOUNTPREFIX', 'G3E_PAIRCOUNTPREFIX', null, null, null, null, 0, null, null, null, null, null, null, null, null, null, 0, 0, 10, null, null, 0, sysdate, null, null, null, 1, 0, 1, null, null, null, 0, null, 1, 'EVERYONE', null, null, null);

insert into G3E_ATTRIBUTE (G3E_ANO, G3E_CNO, G3E_VNO, G3E_FIELD, G3E_USERNAME, G3E_FORMAT, G3E_PRECISION, G3E_DOMAINTABLE, G3E_DOMAINFIELD, G3E_REQUIRED, G3E_FINO, G3E_FUNCTIONALORDINAL, G3E_FUNCTIONALTYPE, G3E_INTERFACEARGUMENT, G3E_TOOLTIP, G3E_FOREIGNKEYTABLE, G3E_FOREIGNKEYFIELD, G3E_HYPERTEXT, G3E_PNO, G3E_COPY, G3E_EXCLUDEFROMEDIT, G3E_DATATYPE, G3E_ADDITIONALREFFIELDS, G3E_IMPORTFIELD, G3E_EXCLUDEFROMREPLACE, G3E_EDITDATE, G3E_WIDTHINTWIPS, G3E_CATALOGCOPYVALUE, G3E_LOCALECOMMENT, G3E_BREAKCOPY, G3E_COPYATTRIBUTE, G3E_WRAPTEXT, G3E_MERGEEXPRESSION, G3E_RINO, G3E_RIARGGROUPNO, G3E_UNIQUE, G3E_COMPRELATIVEANO, G3E_FUNCTIONALVALIDATION, G3E_ROLE, G3E_FKQRINO, G3E_FKQARGGROUPNO, G3E_DESCRIPTION)
values (720123, 7201, null, 'POSITION', 'Position', null, null, null, null, 0, null, null, null, null, null, null, null, null, null, 0, 0, 10, null, null, 0, sysdate, null, null, null, 1, 0, 1, null, null, null, 0, null, 1, 'EVERYONE', null, null, null);


-- Criar as tabelas de cada componente
CREATE TABLE GC_FCBLCNT_BL_T(
G3E_ID	NUMBER(10,0),		
G3E_FNO	NUMBER(5,0),		
G3E_FID	NUMBER(10,0),			
G3E_CNO	NUMBER(5,0),		
G3E_CID	NUMBER(10,0),			
G3E_ALIGNMENT NUMBER(5,0),
G3E_GEOMETRY SDO_GEOMETRY,	
SEQ	NUMBER(10,0)
)
/		

CREATE TABLE DGC_FCBLCNT_BL_T(
G3E_ID NUMBER(10,0),
G3E_FNO	NUMBER(5,0),		
G3E_FID	NUMBER(10,0),			
G3E_CNO	NUMBER(5,0),		
G3E_CID	NUMBER(10,0),			
G3E_ALIGNMENT NUMBER(5,0),
G3E_DETAILID NUMBER(10,0),		
G3E_GEOMETRY SDO_GEOMETRY,
SEQ	NUMBER(10,0)
)
/		

CREATE TABLE GC_FCBLCNT_TL_T(
G3E_ID NUMBER(10,0),
G3E_FNO	NUMBER(5,0),
G3E_FID	NUMBER(10,0),
G3E_CNO	NUMBER(5,0),
G3E_CID	NUMBER(10,0),
G3E_ALIGNMENT NUMBER(5,0),
G3E_GEOMETRY SDO_GEOMETRY,
SEQ	NUMBER(10,0)
)
/

CREATE TABLE DGC_FCBLCNT_TL_T(
G3E_ID NUMBER(10,0),
G3E_FNO	NUMBER(5,0),
G3E_FID	NUMBER(10,0),
G3E_CNO	NUMBER(5,0),
G3E_CID	NUMBER(10,0),
G3E_ALIGNMENT NUMBER(5,0),
G3E_DETAILID NUMBER(10,0),
G3E_GEOMETRY SDO_GEOMETRY,
SEQ	NUMBER(10,0)
)
/

--Adcionar o componenet 7232 
insert into g3e_component (G3E_CNO, G3E_USERNAME, G3E_NAME, G3E_TOOLTIP, G3E_TYPE, G3E_GEOMETRYTYPE, G3E_TABLE, G3E_DETAIL, G3E_ALIGNMENTFIELD, G3E_DCNO, G3E_DTNO, G3E_GEOMETRYFIELD, G3E_SUBSETATTRIBUTE, G3E_EDITDATE, G3E_SUBTYPE, G3E_LOCALECOMMENT, G3E_LRNO, G3E_PARTITIONATTRIBUTE, G3E_LTT)
values (7232, 'Fiber Cable Count BL Geo Label', 'GC_FCBLCNT_BL_T', 'Fiber Cable BL Geo Label', 1024, 'TextPointGeometry', 'GC_FCBLCNT_BL_T', 0, 'G3E_ALIGNMENT', 31, null, 'G3E_GEOMETRY', null, sysdate, null, null, null, null, 1);
commit;

--Adcionar o componenet 7233 
insert into g3e_component (G3E_CNO, G3E_USERNAME, G3E_NAME, G3E_TOOLTIP, G3E_TYPE, G3E_GEOMETRYTYPE, G3E_TABLE, G3E_DETAIL, G3E_ALIGNMENTFIELD, G3E_DCNO, G3E_DTNO, G3E_GEOMETRYFIELD, G3E_SUBSETATTRIBUTE, G3E_EDITDATE, G3E_SUBTYPE, G3E_LOCALECOMMENT, G3E_LRNO, G3E_PARTITIONATTRIBUTE, G3E_LTT)
values (7233, 'Fiber Cable Count BL Detail Label', 'DGC_FCBLCNT_BL_T', 'Fiber Cable BL Detail Label', 1024, 'TextPointGeometry', 'DGC_FCBLCNT_BL_T', 1, 'G3E_ALIGNMENT', 31, null, 'G3E_GEOMETRY', null, sysdate, null, null, null, null, 1);
commit;

--Adcionar o componenet 7234 
insert into g3e_component (G3E_CNO, G3E_USERNAME, G3E_NAME, G3E_TOOLTIP, G3E_TYPE, G3E_GEOMETRYTYPE, G3E_TABLE, G3E_DETAIL, G3E_ALIGNMENTFIELD, G3E_DCNO, G3E_DTNO, G3E_GEOMETRYFIELD, G3E_SUBSETATTRIBUTE, G3E_EDITDATE, G3E_SUBTYPE, G3E_LOCALECOMMENT, G3E_LRNO, G3E_PARTITIONATTRIBUTE, G3E_LTT)
values (7234, 'Fiber Cable Count TL Geo Label', 'GC_FCBLCNT_TL_T', 'Fiber Cable TL Geo Label', 1024, 'TextPointGeometry', 'GC_FCBLCNT_TL_T', 0, 'G3E_ALIGNMENT', 31, null, 'G3E_GEOMETRY', null, sysdate, null, null, null, null, 1);
commit;

--A dcionar o componenet 7235 
insert into g3e_component (G3E_CNO, G3E_USERNAME, G3E_NAME, G3E_TOOLTIP, G3E_TYPE, G3E_GEOMETRYTYPE, G3E_TABLE, G3E_DETAIL, G3E_ALIGNMENTFIELD, G3E_DCNO, G3E_DTNO, G3E_GEOMETRYFIELD, G3E_SUBSETATTRIBUTE, G3E_EDITDATE, G3E_SUBTYPE, G3E_LOCALECOMMENT, G3E_LRNO, G3E_PARTITIONATTRIBUTE, G3E_LTT)
values (7235, 'Fiber Cable Count TL Detail Label', 'DGC_FCBLCNT_TL_T', 'Fiber Cable TL Detail Label', 1024, 'TextPointGeometry', 'DGC_FCBLCNT_TL_T', 1, 'G3E_ALIGNMENT', 31, null, 'G3E_GEOMETRY', null, sysdate, null, null, null, null, 1);
commit;

--Arrumar os g3e_ordinal referente a g3e_fno = 7200 (cabo otico)
update g3e_featurecomponent set g3e_ordinal = g3e_ordinal + 1, g3e_insertordinal = g3e_insertordinal + 1 where g3e_fno = 7200 and g3e_ordinal >= 3;
commit;
update g3e_featurecomponent set g3e_deleteordinal = g3e_deleteordinal + 1 where g3e_fno = 7200 and g3e_ordinal < 3;
commit;
update g3e_featurecomponent set g3e_deleteordinal = g3e_deleteordinal + 2 where g3e_fno = 7200 and g3e_deleteordinal > 20 and g3e_deleteordinal < 30;
commit;

--Adcionar o componente 55 para o cabo optico
insert into G3E_FEATURECOMPONENT (g3e_fcno, g3e_fno, g3e_cno, g3e_required, g3e_repeating, g3e_autorepeat, g3e_pino, g3e_ordinal, g3e_interfaceargument, g3e_derivedfromcno, g3e_insertordinal, g3e_deleteordinal, g3e_refresh, g3e_alternaterequiredcno, g3e_replace, g3e_editdate, g3e_breakaction, g3e_componentelimination, g3e_componentassignment, g3e_componentadjustment, g3e_geoproximitytolerance, g3e_breaklinearcno, g3e_alternategeographic, g3e_alternategeoordinal, g3e_rino, g3e_riarggroupno, g3e_includeinplacement, g3e_mergemaxdistance, g3e_mergecommonprecond, g3e_mergeprecond, g3e_mergeoccurrences, g3e_mergerino, g3e_mergeriarggroupno, g3e_ccno, g3e_generate, g3e_detailplacementcno)
values (7255, 7200, 55, 0, 1, 0, 7, 3, null, null, 3, 37, 1, null, 1, sysdate, 1, 3, 4, 3, 1, null, 0, 0, null, null, 1, null, null, null, 1, null, null, null, 0, null);
commit;

--Adcionar o componente 56 para o cabo optico
insert into g3e_featurecomponent (G3E_FCNO, G3E_FNO, G3E_CNO, G3E_REQUIRED, G3E_REPEATING, G3E_AUTOREPEAT, G3E_PINO, G3E_ORDINAL, G3E_INTERFACEARGUMENT, G3E_DERIVEDFROMCNO, G3E_INSERTORDINAL, G3E_DELETEORDINAL, G3E_REFRESH, G3E_ALTERNATEREQUIREDCNO, G3E_REPLACE, G3E_EDITDATE, G3E_BREAKACTION, G3E_COMPONENTELIMINATION, G3E_COMPONENTASSIGNMENT, G3E_COMPONENTADJUSTMENT, G3E_GEOPROXIMITYTOLERANCE, G3E_BREAKLINEARCNO, G3E_ALTERNATEGEOGRAPHIC, G3E_ALTERNATEGEOORDINAL, G3E_RINO, G3E_RIARGGROUPNO, G3E_INCLUDEINPLACEMENT, G3E_MERGEMAXDISTANCE, G3E_MERGECOMMONPRECOND, G3E_MERGEPRECOND, G3E_MERGEOCCURRENCES, G3E_MERGERINO, G3E_MERGERIARGGROUPNO, G3E_CCNO, G3E_GENERATE, G3E_DETAILPLACEMENTCNO)
values (7256, 7200, 56, 0, 1, 0, 7, 41, null, null, 41, 42, 1, null, 1, sysdate, 1, 3, 4, 3, 1, null, 0, 0, null, null, 1, null, null, null, 1, null, null, null, 0, null);

--Adcionar o componenet 7232 para o cabo optico
insert into g3e_featurecomponent (G3E_FCNO, G3E_FNO, G3E_CNO, G3E_REQUIRED, G3E_REPEATING, G3E_AUTOREPEAT, G3E_PINO, G3E_ORDINAL, G3E_INTERFACEARGUMENT, G3E_DERIVEDFROMCNO, G3E_INSERTORDINAL, G3E_DELETEORDINAL, G3E_REFRESH, G3E_ALTERNATEREQUIREDCNO, G3E_REPLACE, G3E_EDITDATE, G3E_BREAKACTION, G3E_COMPONENTELIMINATION, G3E_COMPONENTASSIGNMENT, G3E_COMPONENTADJUSTMENT, G3E_GEOPROXIMITYTOLERANCE, G3E_BREAKLINEARCNO, G3E_ALTERNATEGEOGRAPHIC, G3E_ALTERNATEGEOORDINAL, G3E_RINO, G3E_RIARGGROUPNO, G3E_INCLUDEINPLACEMENT, G3E_MERGEMAXDISTANCE, G3E_MERGECOMMONPRECOND, G3E_MERGEPRECOND, G3E_MERGEOCCURRENCES, G3E_MERGERINO, G3E_MERGERIARGGROUPNO, G3E_CCNO, G3E_GENERATE, G3E_DETAILPLACEMENTCNO)
values (7232, 7200, 7232, 0, 1, 0, 7, 21, null, null, 21, 21, 1, 7233, 1, sysdate, 1, 2, 1, 3, 1, 7230, 0, 0, null, null, 1, null, null, null, 3, null, null, null, 0, null);
commit;

--Adcionar o componenet 7233 para o cabo optico
insert into g3e_featurecomponent (G3E_FCNO, G3E_FNO, G3E_CNO, G3E_REQUIRED, G3E_REPEATING, G3E_AUTOREPEAT, G3E_PINO, G3E_ORDINAL, G3E_INTERFACEARGUMENT, G3E_DERIVEDFROMCNO, G3E_INSERTORDINAL, G3E_DELETEORDINAL, G3E_REFRESH, G3E_ALTERNATEREQUIREDCNO, G3E_REPLACE, G3E_EDITDATE, G3E_BREAKACTION, G3E_COMPONENTELIMINATION, G3E_COMPONENTASSIGNMENT, G3E_COMPONENTADJUSTMENT, G3E_GEOPROXIMITYTOLERANCE, G3E_BREAKLINEARCNO, G3E_ALTERNATEGEOGRAPHIC, G3E_ALTERNATEGEOORDINAL, G3E_RINO, G3E_RIARGGROUPNO, G3E_INCLUDEINPLACEMENT, G3E_MERGEMAXDISTANCE, G3E_MERGECOMMONPRECOND, G3E_MERGEPRECOND, G3E_MERGEOCCURRENCES, G3E_MERGERINO, G3E_MERGERIARGGROUPNO, G3E_CCNO, G3E_GENERATE, G3E_DETAILPLACEMENTCNO)
values (7233, 7200, 7233, 0, 1, 0, 7, 33, null, null, 33, 5, 1, 7232, 1, sysdate, 1, 2, 1, 3, 1, 7231, 0, 0, null, null, 1, null, null, null, 3, null, null, null, 0, null);
commit;

--Adcionar o componenet 7234 para o cabo optico
insert into g3e_featurecomponent (G3E_FCNO, G3E_FNO, G3E_CNO, G3E_REQUIRED, G3E_REPEATING, G3E_AUTOREPEAT, G3E_PINO, G3E_ORDINAL, G3E_INTERFACEARGUMENT, G3E_DERIVEDFROMCNO, G3E_INSERTORDINAL, G3E_DELETEORDINAL, G3E_REFRESH, G3E_ALTERNATEREQUIREDCNO, G3E_REPLACE, G3E_EDITDATE, G3E_BREAKACTION, G3E_COMPONENTELIMINATION, G3E_COMPONENTASSIGNMENT, G3E_COMPONENTADJUSTMENT, G3E_GEOPROXIMITYTOLERANCE, G3E_BREAKLINEARCNO, G3E_ALTERNATEGEOGRAPHIC, G3E_ALTERNATEGEOORDINAL, G3E_RINO, G3E_RIARGGROUPNO, G3E_INCLUDEINPLACEMENT, G3E_MERGEMAXDISTANCE, G3E_MERGECOMMONPRECOND, G3E_MERGEPRECOND, G3E_MERGEOCCURRENCES, G3E_MERGERINO, G3E_MERGERIARGGROUPNO, G3E_CCNO, G3E_GENERATE, G3E_DETAILPLACEMENTCNO)
values (7234, 7200, 7234, 0, 1, 0, 7, 22, null, null, 22, 22, 1, 7235, 1, sysdate, 1, 2, 1, 3, 1, 7230, 0, 0, null, null, 1, null, null, null, 3, null, null, null, 0, null);
commit;

--Adcionar o componenet 7235 para o cabo optico
insert into g3e_featurecomponent (G3E_FCNO, G3E_FNO, G3E_CNO, G3E_REQUIRED, G3E_REPEATING, G3E_AUTOREPEAT, G3E_PINO, G3E_ORDINAL, G3E_INTERFACEARGUMENT, G3E_DERIVEDFROMCNO, G3E_INSERTORDINAL, G3E_DELETEORDINAL, G3E_REFRESH, G3E_ALTERNATEREQUIREDCNO, G3E_REPLACE, G3E_EDITDATE, G3E_BREAKACTION, G3E_COMPONENTELIMINATION, G3E_COMPONENTASSIGNMENT, G3E_COMPONENTADJUSTMENT, G3E_GEOPROXIMITYTOLERANCE, G3E_BREAKLINEARCNO, G3E_ALTERNATEGEOGRAPHIC, G3E_ALTERNATEGEOORDINAL, G3E_RINO, G3E_RIARGGROUPNO, G3E_INCLUDEINPLACEMENT, G3E_MERGEMAXDISTANCE, G3E_MERGECOMMONPRECOND, G3E_MERGEPRECOND, G3E_MERGEOCCURRENCES, G3E_MERGERINO, G3E_MERGERIARGGROUPNO, G3E_CCNO, G3E_GENERATE, G3E_DETAILPLACEMENTCNO)
values (7235, 7200, 7235, 0, 1, 0, 7, 35, null, null, 35, 2, 1, 7234, 1, sysdate, 1, 2, 1, 3, 1, 7231, 0, 0, null, null, 1, null, null, null, 3, null, null, null, 0, null);
commit;

--Criar as Views referente as GC's e DGC'
CREATE OR REPLACE VIEW VGC_FCBLCNT_BL_T AS
SELECT A.G3E_ID           G3E_ID,
       A.G3E_FNO          G3E_FNO,
       A.G3E_CNO          G3E_CNO,
       A.G3E_FID          G3E_FID,
       A.G3E_CID          G3E_CID,
       A.G3E_GEOMETRY     G3E_GEOMETRY,
       A.G3E_ALIGNMENT    G3E_ALIGNMENT,
       A.SEQ              SEQ,
       B.COUNT_ANNOTATION COUNT_ANNOTATION,
       C.JOB_ID           JOB_ID,
       C.JOB_STATE        JOB_STATE,
       C.FEATURE_STATE    FEATURE_STATE,
       C.SAP_WRK_ID       SAP_WRK_ID
FROM GC_FCBLCNT_BL_T A, GC_FCBL B, GC_NETELEM C
WHERE (C.G3E_FNO = 7200) AND (A.G3E_FID = B.G3E_FID) AND (A.G3E_FID = C.G3E_FID);
/

CREATE OR REPLACE VIEW VDGC_FCBLCNT_BL_T AS
SELECT 	A.G3E_ID G3E_ID, 
		A.G3E_FNO G3E_FNO, 
		A.G3E_CNO G3E_CNO, 
		A.G3E_FID G3E_FID, 
		A.G3E_CID G3E_CID, 
		A.G3E_GEOMETRY G3E_GEOMETRY, 
		A.G3E_ALIGNMENT G3E_ALIGNMENT, 
		A.G3E_DETAILID G3E_DETAILID, 
		A.SEQ SEQ, 
		B.COUNT_ANNOTATION COUNT_ANNOTATION, 
		C.JOB_ID JOB_ID, 
		C.JOB_STATE JOB_STATE, 
		C.FEATURE_STATE FEATURE_STATE, 
		C.SAP_WRK_ID SAP_WRK_ID 
FROM DGC_FCBLCNT_BL_T A, GC_FCBL B, GC_NETELEM C 
WHERE (C.G3E_FNO = 7200) AND (A.G3E_FID=B.G3E_FID) AND (A.G3E_FID=C.G3E_FID);
/

CREATE OR REPLACE VIEW VGC_FCBLCNT_TL_T AS
SELECT 	A.G3E_ID G3E_ID, 
		A.G3E_FNO G3E_FNO, 
		A.G3E_CNO G3E_CNO, 
		A.G3E_FID G3E_FID, 
		A.G3E_CID G3E_CID, 
		A.G3E_GEOMETRY G3E_GEOMETRY, 
		A.G3E_ALIGNMENT G3E_ALIGNMENT, 
		A.SEQ SEQ, 
		B.COUNT_ANNOTATION COUNT_ANNOTATION, 
		C.JOB_ID JOB_ID, 
		C.JOB_STATE JOB_STATE, 
		C.FEATURE_STATE FEATURE_STATE, 
		C.SAP_WRK_ID SAP_WRK_ID 
FROM 	GC_FCBLCNT_TL_T A, GC_FCBL B, GC_NETELEM C 
WHERE 	(C.G3E_FNO = 7200) AND (A.G3E_FID=B.G3E_FID) AND (A.G3E_FID=C.G3E_FID);
/

CREATE OR REPLACE VIEW VDGC_FCBLCNT_TL_T AS
SELECT 	A.G3E_ID G3E_ID, 
		A.G3E_FNO G3E_FNO, 
		A.G3E_CNO G3E_CNO, 
		A.G3E_FID G3E_FID, 
		A.G3E_CID G3E_CID, 
		A.G3E_GEOMETRY G3E_GEOMETRY, 
		A.G3E_ALIGNMENT G3E_ALIGNMENT, 
		A.G3E_DETAILID G3E_DETAILID, 
		A.SEQ SEQ, 
		B.COUNT_ANNOTATION COUNT_ANNOTATION, 
		C.JOB_ID JOB_ID, 
		C.JOB_STATE JOB_STATE, 
		C.FEATURE_STATE FEATURE_STATE, 
		C.SAP_WRK_ID SAP_WRK_ID 
FROM DGC_FCBLCNT_TL_T A, GC_FCBL B, GC_NETELEM C 
WHERE (C.G3E_FNO = 7200) AND (A.G3E_FID=B.G3E_FID) AND (A.G3E_FID=C.G3E_FID);
/

--Inserir sem o g3e_leno (null)
insert into G3E_COMPONENTVIEWDEFINITION (G3E_VNO, G3E_VIEW, G3E_FNO, G3E_CNO, G3E_LENO, G3E_FIELDS, G3E_EDITDATE, G3E_ATTRAFFECTSMEMBERSHIP)
values (7232, 'VGC_FCBLCNT_BL_T', 7200, 7232, null, null, sysdate, 0);
commit;

insert into G3E_COMPONENTVIEWDEFINITION (G3E_VNO, G3E_VIEW, G3E_FNO, G3E_CNO, G3E_LENO, G3E_FIELDS, G3E_EDITDATE, G3E_ATTRAFFECTSMEMBERSHIP)
values (7233, 'VDGC_FCBLCNT_BL_T', 7200, 7233, null, null, sysdate, 0);
commit;

insert into G3E_COMPONENTVIEWDEFINITION (G3E_VNO, G3E_VIEW, G3E_FNO, G3E_CNO, G3E_LENO, G3E_FIELDS, G3E_EDITDATE, G3E_ATTRAFFECTSMEMBERSHIP)
values (7234, 'VGC_FCBLCNT_TL_T', 7200, 7234, null, null, sysdate, 0);
commit;

insert into G3E_COMPONENTVIEWDEFINITION (G3E_VNO, G3E_VIEW, G3E_FNO, G3E_CNO, G3E_LENO, G3E_FIELDS, G3E_EDITDATE, G3E_ATTRAFFECTSMEMBERSHIP)
values (7235, 'VDGC_FCBLCNT_TL_T', 7200, 7235, null, null, sysdate, 0);
commit;

--7232
insert into G3E_COMPONENTVIEWCOMPOSITION (G3E_CVCNO, G3E_VNO, G3E_CNO, G3E_FIELDS, G3E_EDITDATE, G3E_FNO)
values (723232, 7232, 7232, null, sysdate, 7200);
commit;

insert into G3E_COMPONENTVIEWCOMPOSITION (G3E_CVCNO, G3E_VNO, G3E_CNO, G3E_FIELDS, G3E_EDITDATE, G3E_FNO)
values (723201, 7232, 7201, null, sysdate, 7200);
commit;

insert into G3E_COMPONENTVIEWCOMPOSITION (G3E_CVCNO, G3E_VNO, G3E_CNO, G3E_FIELDS, G3E_EDITDATE, G3E_FNO)
values (723251, 7232, 51, null, sysdate, 7200);
commit;

--7233
insert into G3E_COMPONENTVIEWCOMPOSITION (G3E_CVCNO, G3E_VNO, G3E_CNO, G3E_FIELDS, G3E_EDITDATE, G3E_FNO)
values (723332, 7233, 7233, null, sysdate, 7200);
commit;

insert into G3E_COMPONENTVIEWCOMPOSITION (G3E_CVCNO, G3E_VNO, G3E_CNO, G3E_FIELDS, G3E_EDITDATE, G3E_FNO)
values (723301, 7233, 7201, null, sysdate, 7200);
commit;

insert into G3E_COMPONENTVIEWCOMPOSITION (G3E_CVCNO, G3E_VNO, G3E_CNO, G3E_FIELDS, G3E_EDITDATE, G3E_FNO)
values (723351, 7233, 51, null, sysdate, 7200);
commit;

--7234
insert into G3E_COMPONENTVIEWCOMPOSITION (G3E_CVCNO, G3E_VNO, G3E_CNO, G3E_FIELDS, G3E_EDITDATE, G3E_FNO)
values (723432, 7234, 7234, null, sysdate, 7200);
commit;

insert into G3E_COMPONENTVIEWCOMPOSITION (G3E_CVCNO, G3E_VNO, G3E_CNO, G3E_FIELDS, G3E_EDITDATE, G3E_FNO)
values (723401, 7234, 7201, null, sysdate, 7200);
commit;

insert into G3E_COMPONENTVIEWCOMPOSITION (G3E_CVCNO, G3E_VNO, G3E_CNO, G3E_FIELDS, G3E_EDITDATE, G3E_FNO)
values (723451, 7234, 51, null, sysdate, 7200);
commit;

--7235
insert into G3E_COMPONENTVIEWCOMPOSITION (G3E_CVCNO, G3E_VNO, G3E_CNO, G3E_FIELDS, G3E_EDITDATE, G3E_FNO)
values (723532, 7235, 7235, null, sysdate, 7200);
commit;

insert into G3E_COMPONENTVIEWCOMPOSITION (G3E_CVCNO, G3E_VNO, G3E_CNO, G3E_FIELDS, G3E_EDITDATE, G3E_FNO)
values (723501, 7235, 7201, null, sysdate, 7200);
commit;

insert into G3E_COMPONENTVIEWCOMPOSITION (G3E_CVCNO, G3E_VNO, G3E_CNO, G3E_FIELDS, G3E_EDITDATE, G3E_FNO)
values (723551, 7235, 51, null, sysdate, 7200);
commit;

--Inserir atributos para g3e_cno 7232
insert into g3e_attribute (G3E_ANO, G3E_CNO, G3E_VNO, G3E_FIELD, G3E_USERNAME, G3E_FORMAT, G3E_PRECISION, G3E_DOMAINTABLE, G3E_DOMAINFIELD, G3E_REQUIRED, G3E_FINO, G3E_FUNCTIONALORDINAL, G3E_FUNCTIONALTYPE, G3E_INTERFACEARGUMENT, G3E_TOOLTIP, G3E_FOREIGNKEYTABLE, G3E_FOREIGNKEYFIELD, G3E_HYPERTEXT, G3E_PNO, G3E_COPY, G3E_EXCLUDEFROMEDIT, G3E_DATATYPE, G3E_ADDITIONALREFFIELDS, G3E_IMPORTFIELD, G3E_EXCLUDEFROMREPLACE, G3E_EDITDATE, G3E_WIDTHINTWIPS, G3E_CATALOGCOPYVALUE, G3E_LOCALECOMMENT, G3E_BREAKCOPY, G3E_COPYATTRIBUTE, G3E_WRAPTEXT, G3E_MERGEEXPRESSION, G3E_RINO, G3E_RIARGGROUPNO, G3E_UNIQUE, G3E_COMPRELATIVEANO, G3E_FUNCTIONALVALIDATION, G3E_ROLE, G3E_FKQRINO, G3E_FKQARGGROUPNO, G3E_DESCRIPTION)
values (723201, 7232, null, 'G3E_ID', 'Identifier', 'General Number', null, null, null, 0, null, null, null, null, null, null, null, null, null, 0, 0, 4, null, null, 0, sysdate, null, null, null, 1, 0, 1, null, null, null, 0, null, 1, 'EVERYONE', null, null, null);
commit;

insert into g3e_attribute (G3E_ANO, G3E_CNO, G3E_VNO, G3E_FIELD, G3E_USERNAME, G3E_FORMAT, G3E_PRECISION, G3E_DOMAINTABLE, G3E_DOMAINFIELD, G3E_REQUIRED, G3E_FINO, G3E_FUNCTIONALORDINAL, G3E_FUNCTIONALTYPE, G3E_INTERFACEARGUMENT, G3E_TOOLTIP, G3E_FOREIGNKEYTABLE, G3E_FOREIGNKEYFIELD, G3E_HYPERTEXT, G3E_PNO, G3E_COPY, G3E_EXCLUDEFROMEDIT, G3E_DATATYPE, G3E_ADDITIONALREFFIELDS, G3E_IMPORTFIELD, G3E_EXCLUDEFROMREPLACE, G3E_EDITDATE, G3E_WIDTHINTWIPS, G3E_CATALOGCOPYVALUE, G3E_LOCALECOMMENT, G3E_BREAKCOPY, G3E_COPYATTRIBUTE, G3E_WRAPTEXT, G3E_MERGEEXPRESSION, G3E_RINO, G3E_RIARGGROUPNO, G3E_UNIQUE, G3E_COMPRELATIVEANO, G3E_FUNCTIONALVALIDATION, G3E_ROLE, G3E_FKQRINO, G3E_FKQARGGROUPNO, G3E_DESCRIPTION)
values (723202, 7232, null, 'G3E_FNO', 'Feature Number', 'General Number', null, null, null, 0, null, null, null, null, null, null, null, null, null, 0, 0, 4, null, null, 0, sysdate, null, null, null, 1, 0, 1, null, null, null, 0, null, 1, 'EVERYONE', null, null, null);
commit;

insert into g3e_attribute (G3E_ANO, G3E_CNO, G3E_VNO, G3E_FIELD, G3E_USERNAME, G3E_FORMAT, G3E_PRECISION, G3E_DOMAINTABLE, G3E_DOMAINFIELD, G3E_REQUIRED, G3E_FINO, G3E_FUNCTIONALORDINAL, G3E_FUNCTIONALTYPE, G3E_INTERFACEARGUMENT, G3E_TOOLTIP, G3E_FOREIGNKEYTABLE, G3E_FOREIGNKEYFIELD, G3E_HYPERTEXT, G3E_PNO, G3E_COPY, G3E_EXCLUDEFROMEDIT, G3E_DATATYPE, G3E_ADDITIONALREFFIELDS, G3E_IMPORTFIELD, G3E_EXCLUDEFROMREPLACE, G3E_EDITDATE, G3E_WIDTHINTWIPS, G3E_CATALOGCOPYVALUE, G3E_LOCALECOMMENT, G3E_BREAKCOPY, G3E_COPYATTRIBUTE, G3E_WRAPTEXT, G3E_MERGEEXPRESSION, G3E_RINO, G3E_RIARGGROUPNO, G3E_UNIQUE, G3E_COMPRELATIVEANO, G3E_FUNCTIONALVALIDATION, G3E_ROLE, G3E_FKQRINO, G3E_FKQARGGROUPNO, G3E_DESCRIPTION)
values (723203, 7232, null, 'G3E_FID', 'GComms Feature ID', 'General Number', null, null, null, 0, null, null, null, null, null, null, null, null, null, 0, 1, 4, null, null, 0, sysdate, null, null, null, 1, 0, 1, null, null, null, 0, null, 1, 'EVERYONE', null, null, null);
commit;

insert into g3e_attribute (G3E_ANO, G3E_CNO, G3E_VNO, G3E_FIELD, G3E_USERNAME, G3E_FORMAT, G3E_PRECISION, G3E_DOMAINTABLE, G3E_DOMAINFIELD, G3E_REQUIRED, G3E_FINO, G3E_FUNCTIONALORDINAL, G3E_FUNCTIONALTYPE, G3E_INTERFACEARGUMENT, G3E_TOOLTIP, G3E_FOREIGNKEYTABLE, G3E_FOREIGNKEYFIELD, G3E_HYPERTEXT, G3E_PNO, G3E_COPY, G3E_EXCLUDEFROMEDIT, G3E_DATATYPE, G3E_ADDITIONALREFFIELDS, G3E_IMPORTFIELD, G3E_EXCLUDEFROMREPLACE, G3E_EDITDATE, G3E_WIDTHINTWIPS, G3E_CATALOGCOPYVALUE, G3E_LOCALECOMMENT, G3E_BREAKCOPY, G3E_COPYATTRIBUTE, G3E_WRAPTEXT, G3E_MERGEEXPRESSION, G3E_RINO, G3E_RIARGGROUPNO, G3E_UNIQUE, G3E_COMPRELATIVEANO, G3E_FUNCTIONALVALIDATION, G3E_ROLE, G3E_FKQRINO, G3E_FKQARGGROUPNO, G3E_DESCRIPTION)
values (723204, 7232, null, 'G3E_CNO', 'Component Number', 'General Number', null, null, null, 0, null, null, null, null, null, null, null, null, null, 0, 0, 4, null, null, 0, sysdate, null, null, null, 1, 0, 1, null, null, null, 0, null, 1, 'EVERYONE', null, null, null);
commit;

insert into g3e_attribute (G3E_ANO, G3E_CNO, G3E_VNO, G3E_FIELD, G3E_USERNAME, G3E_FORMAT, G3E_PRECISION, G3E_DOMAINTABLE, G3E_DOMAINFIELD, G3E_REQUIRED, G3E_FINO, G3E_FUNCTIONALORDINAL, G3E_FUNCTIONALTYPE, G3E_INTERFACEARGUMENT, G3E_TOOLTIP, G3E_FOREIGNKEYTABLE, G3E_FOREIGNKEYFIELD, G3E_HYPERTEXT, G3E_PNO, G3E_COPY, G3E_EXCLUDEFROMEDIT, G3E_DATATYPE, G3E_ADDITIONALREFFIELDS, G3E_IMPORTFIELD, G3E_EXCLUDEFROMREPLACE, G3E_EDITDATE, G3E_WIDTHINTWIPS, G3E_CATALOGCOPYVALUE, G3E_LOCALECOMMENT, G3E_BREAKCOPY, G3E_COPYATTRIBUTE, G3E_WRAPTEXT, G3E_MERGEEXPRESSION, G3E_RINO, G3E_RIARGGROUPNO, G3E_UNIQUE, G3E_COMPRELATIVEANO, G3E_FUNCTIONALVALIDATION, G3E_ROLE, G3E_FKQRINO, G3E_FKQARGGROUPNO, G3E_DESCRIPTION)
values (723205, 7232, null, 'G3E_CID', 'Component Identifier', 'General Number', null, null, null, 0, null, null, null, null, null, null, null, null, null, 0, 0, 4, null, null, 0, sysdate, null, null, null, 1, 0, 1, null, null, null, 0, null, 1, 'EVERYONE', null, null, null);
commit;

insert into g3e_attribute (G3E_ANO, G3E_CNO, G3E_VNO, G3E_FIELD, G3E_USERNAME, G3E_FORMAT, G3E_PRECISION, G3E_DOMAINTABLE, G3E_DOMAINFIELD, G3E_REQUIRED, G3E_FINO, G3E_FUNCTIONALORDINAL, G3E_FUNCTIONALTYPE, G3E_INTERFACEARGUMENT, G3E_TOOLTIP, G3E_FOREIGNKEYTABLE, G3E_FOREIGNKEYFIELD, G3E_HYPERTEXT, G3E_PNO, G3E_COPY, G3E_EXCLUDEFROMEDIT, G3E_DATATYPE, G3E_ADDITIONALREFFIELDS, G3E_IMPORTFIELD, G3E_EXCLUDEFROMREPLACE, G3E_EDITDATE, G3E_WIDTHINTWIPS, G3E_CATALOGCOPYVALUE, G3E_LOCALECOMMENT, G3E_BREAKCOPY, G3E_COPYATTRIBUTE, G3E_WRAPTEXT, G3E_MERGEEXPRESSION, G3E_RINO, G3E_RIARGGROUPNO, G3E_UNIQUE, G3E_COMPRELATIVEANO, G3E_FUNCTIONALVALIDATION, G3E_ROLE, G3E_FKQRINO, G3E_FKQARGGROUPNO, G3E_DESCRIPTION)
values (723206, 7232, null, 'SEQ', 'Related Linear CID', 'General Number', null, null, null, 0, null, null, null, null, null, null, null, null, null, 0, 1, 4, null, null, 0, sysdate, null, null, null, 1, 0, 1, null, null, null, 0, 721006, 1, 'EVERYONE', null, null, null);
commit;

insert into g3e_attribute (G3E_ANO, G3E_CNO, G3E_VNO, G3E_FIELD, G3E_USERNAME, G3E_FORMAT, G3E_PRECISION, G3E_DOMAINTABLE, G3E_DOMAINFIELD, G3E_REQUIRED, G3E_FINO, G3E_FUNCTIONALORDINAL, G3E_FUNCTIONALTYPE, G3E_INTERFACEARGUMENT, G3E_TOOLTIP, G3E_FOREIGNKEYTABLE, G3E_FOREIGNKEYFIELD, G3E_HYPERTEXT, G3E_PNO, G3E_COPY, G3E_EXCLUDEFROMEDIT, G3E_DATATYPE, G3E_ADDITIONALREFFIELDS, G3E_IMPORTFIELD, G3E_EXCLUDEFROMREPLACE, G3E_EDITDATE, G3E_WIDTHINTWIPS, G3E_CATALOGCOPYVALUE, G3E_LOCALECOMMENT, G3E_BREAKCOPY, G3E_COPYATTRIBUTE, G3E_WRAPTEXT, G3E_MERGEEXPRESSION, G3E_RINO, G3E_RIARGGROUPNO, G3E_UNIQUE, G3E_COMPRELATIVEANO, G3E_FUNCTIONALVALIDATION, G3E_ROLE, G3E_FKQRINO, G3E_FKQARGGROUPNO, G3E_DESCRIPTION)
values (723208, 7232, null, 'G3E_ALIGNMENT', 'Alignment', 'General Number', null, null, null, 0, null, null, null, null, null, null, null, null, null, 0, 1, 4, null, null, 0, sysdate, null, null, null, 1, 0, 1, null, null, null, 0, null, 1, 'EVERYONE', null, null, null);
commit;

insert into g3e_attribute (G3E_ANO, G3E_CNO, G3E_VNO, G3E_FIELD, G3E_USERNAME, G3E_FORMAT, G3E_PRECISION, G3E_DOMAINTABLE, G3E_DOMAINFIELD, G3E_REQUIRED, G3E_FINO, G3E_FUNCTIONALORDINAL, G3E_FUNCTIONALTYPE, G3E_INTERFACEARGUMENT, G3E_TOOLTIP, G3E_FOREIGNKEYTABLE, G3E_FOREIGNKEYFIELD, G3E_HYPERTEXT, G3E_PNO, G3E_COPY, G3E_EXCLUDEFROMEDIT, G3E_DATATYPE, G3E_ADDITIONALREFFIELDS, G3E_IMPORTFIELD, G3E_EXCLUDEFROMREPLACE, G3E_EDITDATE, G3E_WIDTHINTWIPS, G3E_CATALOGCOPYVALUE, G3E_LOCALECOMMENT, G3E_BREAKCOPY, G3E_COPYATTRIBUTE, G3E_WRAPTEXT, G3E_MERGEEXPRESSION, G3E_RINO, G3E_RIARGGROUPNO, G3E_UNIQUE, G3E_COMPRELATIVEANO, G3E_FUNCTIONALVALIDATION, G3E_ROLE, G3E_FKQRINO, G3E_FKQARGGROUPNO, G3E_DESCRIPTION)
values (723207, 7232, null, 'G3E_GEOMETRY', 'G3E_GEOMETRY', null, null, null, null, 1, 111, 1, 'Update', '0C20010000001000000001000000050000000800000000000400000037003200300030000800000000000400000037003200310030000800000000000600000037003200310030003000360008000000000006000000370032003300320030003100080000000000040000005400520055004500000000000000000000000000000000000000000000000000000000000000000000000000000000000000000000000000000000000000000000000000000000000000000000000000000000000000000000000000000000000000000000000000000000000000000000000000000000000000000000000000000000000000000000000000000000000000000000000000000000000000000000000000000000000000000000000000000000000000000000000000000000000000000000000000000000000000000000000000000000000000000000000000000000000000000000000000000000000000000000000000000000000000000000000000000000000000000000000000000000000000000000000000000000000000000000000000000000000000000000000000000000000000000000000000000000000000000000000000000000000000000000000000000000000000000000000000000000000000000000000000000000000000000000000000000000000000000000000000000000000000000000000000', null, null, null, null, null, 0, 1, 32, null, null, 0, sysdate, null, null, null, 1, 0, 1, null, null, null, 0, null, 1, 'EVERYONE', null, null, null);
commit;


insert into G3E_ATTRIBUTE (G3E_ANO, G3E_CNO, G3E_VNO, G3E_FIELD, G3E_USERNAME, G3E_FORMAT, G3E_PRECISION, G3E_DOMAINTABLE, G3E_DOMAINFIELD, G3E_REQUIRED, G3E_FINO, G3E_FUNCTIONALORDINAL, G3E_FUNCTIONALTYPE, G3E_INTERFACEARGUMENT, G3E_TOOLTIP, G3E_FOREIGNKEYTABLE, G3E_FOREIGNKEYFIELD, G3E_HYPERTEXT, G3E_PNO, G3E_COPY, G3E_EXCLUDEFROMEDIT, G3E_DATATYPE, G3E_ADDITIONALREFFIELDS, G3E_IMPORTFIELD, G3E_EXCLUDEFROMREPLACE, G3E_EDITDATE, G3E_WIDTHINTWIPS, G3E_CATALOGCOPYVALUE, G3E_LOCALECOMMENT, G3E_BREAKCOPY, G3E_COPYATTRIBUTE, G3E_WRAPTEXT, G3E_MERGEEXPRESSION, G3E_RINO, G3E_RIARGGROUPNO, G3E_UNIQUE, G3E_COMPRELATIVEANO, G3E_FUNCTIONALVALIDATION, G3E_ROLE, G3E_FKQRINO, G3E_FKQARGGROUPNO, G3E_DESCRIPTION)
values (723224, null, 7232, 'SEQ', 'Related Linear''s CID', 'General Number', null, null, null, 0, null, null, null, null, null, null, null, null, null, 0, 0, 4, null, null, 0, sysdate, null, null, null, 1, 0, 1, null, null, null, 0, null, 1, 'EVERYONE', null, null, null);

insert into G3E_ATTRIBUTE (G3E_ANO, G3E_CNO, G3E_VNO, G3E_FIELD, G3E_USERNAME, G3E_FORMAT, G3E_PRECISION, G3E_DOMAINTABLE, G3E_DOMAINFIELD, G3E_REQUIRED, G3E_FINO, G3E_FUNCTIONALORDINAL, G3E_FUNCTIONALTYPE, G3E_INTERFACEARGUMENT, G3E_TOOLTIP, G3E_FOREIGNKEYTABLE, G3E_FOREIGNKEYFIELD, G3E_HYPERTEXT, G3E_PNO, G3E_COPY, G3E_EXCLUDEFROMEDIT, G3E_DATATYPE, G3E_ADDITIONALREFFIELDS, G3E_IMPORTFIELD, G3E_EXCLUDEFROMREPLACE, G3E_EDITDATE, G3E_WIDTHINTWIPS, G3E_CATALOGCOPYVALUE, G3E_LOCALECOMMENT, G3E_BREAKCOPY, G3E_COPYATTRIBUTE, G3E_WRAPTEXT, G3E_MERGEEXPRESSION, G3E_RINO, G3E_RIARGGROUPNO, G3E_UNIQUE, G3E_COMPRELATIVEANO, G3E_FUNCTIONALVALIDATION, G3E_ROLE, G3E_FKQRINO, G3E_FKQARGGROUPNO, G3E_DESCRIPTION)
values (723225, null, 7232, 'COUNT_ANNOTATION', 'Count Annotation', null, null, null, null, 0, null, null, null, null, null, null, null, null, null, 0, 0, 10, null, null, 0, sysdate, null, null, null, 1, 0, 1, null, null, null, 0, null, 1, 'EVERYONE', null, null, null);
COMMIT;

insert into G3E_ATTRIBUTE (G3E_ANO, G3E_CNO, G3E_VNO, G3E_FIELD, G3E_USERNAME, G3E_FORMAT, G3E_PRECISION, G3E_DOMAINTABLE, G3E_DOMAINFIELD, G3E_REQUIRED, G3E_FINO, G3E_FUNCTIONALORDINAL, G3E_FUNCTIONALTYPE, G3E_INTERFACEARGUMENT, G3E_TOOLTIP, G3E_FOREIGNKEYTABLE, G3E_FOREIGNKEYFIELD, G3E_HYPERTEXT, G3E_PNO, G3E_COPY, G3E_EXCLUDEFROMEDIT, G3E_DATATYPE, G3E_ADDITIONALREFFIELDS, G3E_IMPORTFIELD, G3E_EXCLUDEFROMREPLACE, G3E_EDITDATE, G3E_WIDTHINTWIPS, G3E_CATALOGCOPYVALUE, G3E_LOCALECOMMENT, G3E_BREAKCOPY, G3E_COPYATTRIBUTE, G3E_WRAPTEXT, G3E_MERGEEXPRESSION, G3E_RINO, G3E_RIARGGROUPNO, G3E_UNIQUE, G3E_COMPRELATIVEANO, G3E_FUNCTIONALVALIDATION, G3E_ROLE, G3E_FKQRINO, G3E_FKQARGGROUPNO, G3E_DESCRIPTION)
values (723226, null, 7232, 'JOB_ID', 'Job Identification', null, null, null, null, 1, null, null, null, null, null, null, null, null, 29, 0, 0, 10, null, null, 0, sysdate, null, 'NULL', null, 1, 0, 1, null, null, null, 0, null, 1, 'EVERYONE', null, null, null);

insert into G3E_ATTRIBUTE (G3E_ANO, G3E_CNO, G3E_VNO, G3E_FIELD, G3E_USERNAME, G3E_FORMAT, G3E_PRECISION, G3E_DOMAINTABLE, G3E_DOMAINFIELD, G3E_REQUIRED, G3E_FINO, G3E_FUNCTIONALORDINAL, G3E_FUNCTIONALTYPE, G3E_INTERFACEARGUMENT, G3E_TOOLTIP, G3E_FOREIGNKEYTABLE, G3E_FOREIGNKEYFIELD, G3E_HYPERTEXT, G3E_PNO, G3E_COPY, G3E_EXCLUDEFROMEDIT, G3E_DATATYPE, G3E_ADDITIONALREFFIELDS, G3E_IMPORTFIELD, G3E_EXCLUDEFROMREPLACE, G3E_EDITDATE, G3E_WIDTHINTWIPS, G3E_CATALOGCOPYVALUE, G3E_LOCALECOMMENT, G3E_BREAKCOPY, G3E_COPYATTRIBUTE, G3E_WRAPTEXT, G3E_MERGEEXPRESSION, G3E_RINO, G3E_RIARGGROUPNO, G3E_UNIQUE, G3E_COMPRELATIVEANO, G3E_FUNCTIONALVALIDATION, G3E_ROLE, G3E_FKQRINO, G3E_FKQARGGROUPNO, G3E_DESCRIPTION)
values (723228, null, 7232, 'JOB_STATE', 'Job State', null, null, null, null, 1, null, null, null, null, null, null, null, null, 28, 1, 0, 10, null, null, 0, sysdate, null, 'NULL', null, 1, 1, 1, null, null, null, 0, null, 1, 'EVERYONE', null, null, null);

insert into G3E_ATTRIBUTE (G3E_ANO, G3E_CNO, G3E_VNO, G3E_FIELD, G3E_USERNAME, G3E_FORMAT, G3E_PRECISION, G3E_DOMAINTABLE, G3E_DOMAINFIELD, G3E_REQUIRED, G3E_FINO, G3E_FUNCTIONALORDINAL, G3E_FUNCTIONALTYPE, G3E_INTERFACEARGUMENT, G3E_TOOLTIP, G3E_FOREIGNKEYTABLE, G3E_FOREIGNKEYFIELD, G3E_HYPERTEXT, G3E_PNO, G3E_COPY, G3E_EXCLUDEFROMEDIT, G3E_DATATYPE, G3E_ADDITIONALREFFIELDS, G3E_IMPORTFIELD, G3E_EXCLUDEFROMREPLACE, G3E_EDITDATE, G3E_WIDTHINTWIPS, G3E_CATALOGCOPYVALUE, G3E_LOCALECOMMENT, G3E_BREAKCOPY, G3E_COPYATTRIBUTE, G3E_WRAPTEXT, G3E_MERGEEXPRESSION, G3E_RINO, G3E_RIARGGROUPNO, G3E_UNIQUE, G3E_COMPRELATIVEANO, G3E_FUNCTIONALVALIDATION, G3E_ROLE, G3E_FKQRINO, G3E_FKQARGGROUPNO, G3E_DESCRIPTION)
values (723229, null, 7232, 'FEATURE_STATE', 'Feature State', null, null, null, null, 1, null, null, null, null, null, null, null, null, 90, 1, 0, 10, null, null, 0, sysdate, null, '''EXT''', null, 1, 1, 1, null, null, null, 0, null, 1, 'EVERYONE', null, null, null);

insert into G3E_ATTRIBUTE (G3E_ANO, G3E_CNO, G3E_VNO, G3E_FIELD, G3E_USERNAME, G3E_FORMAT, G3E_PRECISION, G3E_DOMAINTABLE, G3E_DOMAINFIELD, G3E_REQUIRED, G3E_FINO, G3E_FUNCTIONALORDINAL, G3E_FUNCTIONALTYPE, G3E_INTERFACEARGUMENT, G3E_TOOLTIP, G3E_FOREIGNKEYTABLE, G3E_FOREIGNKEYFIELD, G3E_HYPERTEXT, G3E_PNO, G3E_COPY, G3E_EXCLUDEFROMEDIT, G3E_DATATYPE, G3E_ADDITIONALREFFIELDS, G3E_IMPORTFIELD, G3E_EXCLUDEFROMREPLACE, G3E_EDITDATE, G3E_WIDTHINTWIPS, G3E_CATALOGCOPYVALUE, G3E_LOCALECOMMENT, G3E_BREAKCOPY, G3E_COPYATTRIBUTE, G3E_WRAPTEXT, G3E_MERGEEXPRESSION, G3E_RINO, G3E_RIARGGROUPNO, G3E_UNIQUE, G3E_COMPRELATIVEANO, G3E_FUNCTIONALVALIDATION, G3E_ROLE, G3E_FKQRINO, G3E_FKQARGGROUPNO, G3E_DESCRIPTION)
values (723210, null, 7232, 'SAP_WRK_ID', 'SAP Work Order ID', null, null, null, null, 0, null, null, null, null, null, null, null, null, 30, 0, 0, 10, null, null, 0, sysdate, null, null, null, 0, 0, 1, null, null, null, 0, null, 1, 'EVERYONE', null, null, null);
COMMIT;

--Inserir atributos para g3e_cno 7233
insert into g3e_attribute (G3E_ANO, G3E_CNO, G3E_VNO, G3E_FIELD, G3E_USERNAME, G3E_FORMAT, G3E_PRECISION, G3E_DOMAINTABLE, G3E_DOMAINFIELD, G3E_REQUIRED, G3E_FINO, G3E_FUNCTIONALORDINAL, G3E_FUNCTIONALTYPE, G3E_INTERFACEARGUMENT, G3E_TOOLTIP, G3E_FOREIGNKEYTABLE, G3E_FOREIGNKEYFIELD, G3E_HYPERTEXT, G3E_PNO, G3E_COPY, G3E_EXCLUDEFROMEDIT, G3E_DATATYPE, G3E_ADDITIONALREFFIELDS, G3E_IMPORTFIELD, G3E_EXCLUDEFROMREPLACE, G3E_EDITDATE, G3E_WIDTHINTWIPS, G3E_CATALOGCOPYVALUE, G3E_LOCALECOMMENT, G3E_BREAKCOPY, G3E_COPYATTRIBUTE, G3E_WRAPTEXT, G3E_MERGEEXPRESSION, G3E_RINO, G3E_RIARGGROUPNO, G3E_UNIQUE, G3E_COMPRELATIVEANO, G3E_FUNCTIONALVALIDATION, G3E_ROLE, G3E_FKQRINO, G3E_FKQARGGROUPNO, G3E_DESCRIPTION)
values (723301, 7233, null, 'G3E_ID', 'Identifier', 'General Number', null, null, null, 0, null, null, null, null, null, null, null, null, null, 0, 0, 4, null, null, 0, sysdate, null, null, null, 1, 0, 1, null, null, null, 0, null, 1, 'EVERYONE', null, null, null);
commit;

insert into g3e_attribute (G3E_ANO, G3E_CNO, G3E_VNO, G3E_FIELD, G3E_USERNAME, G3E_FORMAT, G3E_PRECISION, G3E_DOMAINTABLE, G3E_DOMAINFIELD, G3E_REQUIRED, G3E_FINO, G3E_FUNCTIONALORDINAL, G3E_FUNCTIONALTYPE, G3E_INTERFACEARGUMENT, G3E_TOOLTIP, G3E_FOREIGNKEYTABLE, G3E_FOREIGNKEYFIELD, G3E_HYPERTEXT, G3E_PNO, G3E_COPY, G3E_EXCLUDEFROMEDIT, G3E_DATATYPE, G3E_ADDITIONALREFFIELDS, G3E_IMPORTFIELD, G3E_EXCLUDEFROMREPLACE, G3E_EDITDATE, G3E_WIDTHINTWIPS, G3E_CATALOGCOPYVALUE, G3E_LOCALECOMMENT, G3E_BREAKCOPY, G3E_COPYATTRIBUTE, G3E_WRAPTEXT, G3E_MERGEEXPRESSION, G3E_RINO, G3E_RIARGGROUPNO, G3E_UNIQUE, G3E_COMPRELATIVEANO, G3E_FUNCTIONALVALIDATION, G3E_ROLE, G3E_FKQRINO, G3E_FKQARGGROUPNO, G3E_DESCRIPTION)
values (723302, 7233, null, 'G3E_FNO', 'Feature Number', 'General Number', null, null, null, 0, null, null, null, null, null, null, null, null, null, 0, 0, 4, null, null, 0, sysdate, null, null, null, 1, 0, 1, null, null, null, 0, null, 1, 'EVERYONE', null, null, null);
commit;

insert into g3e_attribute (G3E_ANO, G3E_CNO, G3E_VNO, G3E_FIELD, G3E_USERNAME, G3E_FORMAT, G3E_PRECISION, G3E_DOMAINTABLE, G3E_DOMAINFIELD, G3E_REQUIRED, G3E_FINO, G3E_FUNCTIONALORDINAL, G3E_FUNCTIONALTYPE, G3E_INTERFACEARGUMENT, G3E_TOOLTIP, G3E_FOREIGNKEYTABLE, G3E_FOREIGNKEYFIELD, G3E_HYPERTEXT, G3E_PNO, G3E_COPY, G3E_EXCLUDEFROMEDIT, G3E_DATATYPE, G3E_ADDITIONALREFFIELDS, G3E_IMPORTFIELD, G3E_EXCLUDEFROMREPLACE, G3E_EDITDATE, G3E_WIDTHINTWIPS, G3E_CATALOGCOPYVALUE, G3E_LOCALECOMMENT, G3E_BREAKCOPY, G3E_COPYATTRIBUTE, G3E_WRAPTEXT, G3E_MERGEEXPRESSION, G3E_RINO, G3E_RIARGGROUPNO, G3E_UNIQUE, G3E_COMPRELATIVEANO, G3E_FUNCTIONALVALIDATION, G3E_ROLE, G3E_FKQRINO, G3E_FKQARGGROUPNO, G3E_DESCRIPTION)
values (723303, 7233, null, 'G3E_FID', 'GComms Feature ID', 'General Number', null, null, null, 0, null, null, null, null, null, null, null, null, null, 0, 1, 4, null, null, 0, sysdate, null, null, null, 1, 0, 1, null, null, null, 0, null, 1, 'EVERYONE', null, null, null);
commit;

insert into g3e_attribute (G3E_ANO, G3E_CNO, G3E_VNO, G3E_FIELD, G3E_USERNAME, G3E_FORMAT, G3E_PRECISION, G3E_DOMAINTABLE, G3E_DOMAINFIELD, G3E_REQUIRED, G3E_FINO, G3E_FUNCTIONALORDINAL, G3E_FUNCTIONALTYPE, G3E_INTERFACEARGUMENT, G3E_TOOLTIP, G3E_FOREIGNKEYTABLE, G3E_FOREIGNKEYFIELD, G3E_HYPERTEXT, G3E_PNO, G3E_COPY, G3E_EXCLUDEFROMEDIT, G3E_DATATYPE, G3E_ADDITIONALREFFIELDS, G3E_IMPORTFIELD, G3E_EXCLUDEFROMREPLACE, G3E_EDITDATE, G3E_WIDTHINTWIPS, G3E_CATALOGCOPYVALUE, G3E_LOCALECOMMENT, G3E_BREAKCOPY, G3E_COPYATTRIBUTE, G3E_WRAPTEXT, G3E_MERGEEXPRESSION, G3E_RINO, G3E_RIARGGROUPNO, G3E_UNIQUE, G3E_COMPRELATIVEANO, G3E_FUNCTIONALVALIDATION, G3E_ROLE, G3E_FKQRINO, G3E_FKQARGGROUPNO, G3E_DESCRIPTION)
values (723304, 7233, null, 'G3E_CNO', 'Component Number', 'General Number', null, null, null, 0, null, null, null, null, null, null, null, null, null, 0, 0, 4, null, null, 0, sysdate, null, null, null, 1, 0, 1, null, null, null, 0, null, 1, 'EVERYONE', null, null, null);
commit;

insert into g3e_attribute (G3E_ANO, G3E_CNO, G3E_VNO, G3E_FIELD, G3E_USERNAME, G3E_FORMAT, G3E_PRECISION, G3E_DOMAINTABLE, G3E_DOMAINFIELD, G3E_REQUIRED, G3E_FINO, G3E_FUNCTIONALORDINAL, G3E_FUNCTIONALTYPE, G3E_INTERFACEARGUMENT, G3E_TOOLTIP, G3E_FOREIGNKEYTABLE, G3E_FOREIGNKEYFIELD, G3E_HYPERTEXT, G3E_PNO, G3E_COPY, G3E_EXCLUDEFROMEDIT, G3E_DATATYPE, G3E_ADDITIONALREFFIELDS, G3E_IMPORTFIELD, G3E_EXCLUDEFROMREPLACE, G3E_EDITDATE, G3E_WIDTHINTWIPS, G3E_CATALOGCOPYVALUE, G3E_LOCALECOMMENT, G3E_BREAKCOPY, G3E_COPYATTRIBUTE, G3E_WRAPTEXT, G3E_MERGEEXPRESSION, G3E_RINO, G3E_RIARGGROUPNO, G3E_UNIQUE, G3E_COMPRELATIVEANO, G3E_FUNCTIONALVALIDATION, G3E_ROLE, G3E_FKQRINO, G3E_FKQARGGROUPNO, G3E_DESCRIPTION)
values (723305, 7233, null, 'G3E_CID', 'Component Identifier', 'General Number', null, null, null, 0, null, null, null, null, null, null, null, null, null, 0, 0, 4, null, null, 0, sysdate, null, null, null, 1, 0, 1, null, null, null, 0, null, 1, 'EVERYONE', null, null, null);
commit;

insert into g3e_attribute (G3E_ANO, G3E_CNO, G3E_VNO, G3E_FIELD, G3E_USERNAME, G3E_FORMAT, G3E_PRECISION, G3E_DOMAINTABLE, G3E_DOMAINFIELD, G3E_REQUIRED, G3E_FINO, G3E_FUNCTIONALORDINAL, G3E_FUNCTIONALTYPE, G3E_INTERFACEARGUMENT, G3E_TOOLTIP, G3E_FOREIGNKEYTABLE, G3E_FOREIGNKEYFIELD, G3E_HYPERTEXT, G3E_PNO, G3E_COPY, G3E_EXCLUDEFROMEDIT, G3E_DATATYPE, G3E_ADDITIONALREFFIELDS, G3E_IMPORTFIELD, G3E_EXCLUDEFROMREPLACE, G3E_EDITDATE, G3E_WIDTHINTWIPS, G3E_CATALOGCOPYVALUE, G3E_LOCALECOMMENT, G3E_BREAKCOPY, G3E_COPYATTRIBUTE, G3E_WRAPTEXT, G3E_MERGEEXPRESSION, G3E_RINO, G3E_RIARGGROUPNO, G3E_UNIQUE, G3E_COMPRELATIVEANO, G3E_FUNCTIONALVALIDATION, G3E_ROLE, G3E_FKQRINO, G3E_FKQARGGROUPNO, G3E_DESCRIPTION)
values (723306, 7233, null, 'SEQ', 'Related Linear CID', 'General Number', null, null, null, 0, null, null, null, null, null, null, null, null, null, 0, 1, 4, null, null, 0, sysdate, null, null, null, 1, 0, 1, null, null, null, 0, 721006, 1, 'EVERYONE', null, null, null);
commit;

insert into g3e_attribute (G3E_ANO, G3E_CNO, G3E_VNO, G3E_FIELD, G3E_USERNAME, G3E_FORMAT, G3E_PRECISION, G3E_DOMAINTABLE, G3E_DOMAINFIELD, G3E_REQUIRED, G3E_FINO, G3E_FUNCTIONALORDINAL, G3E_FUNCTIONALTYPE, G3E_INTERFACEARGUMENT, G3E_TOOLTIP, G3E_FOREIGNKEYTABLE, G3E_FOREIGNKEYFIELD, G3E_HYPERTEXT, G3E_PNO, G3E_COPY, G3E_EXCLUDEFROMEDIT, G3E_DATATYPE, G3E_ADDITIONALREFFIELDS, G3E_IMPORTFIELD, G3E_EXCLUDEFROMREPLACE, G3E_EDITDATE, G3E_WIDTHINTWIPS, G3E_CATALOGCOPYVALUE, G3E_LOCALECOMMENT, G3E_BREAKCOPY, G3E_COPYATTRIBUTE, G3E_WRAPTEXT, G3E_MERGEEXPRESSION, G3E_RINO, G3E_RIARGGROUPNO, G3E_UNIQUE, G3E_COMPRELATIVEANO, G3E_FUNCTIONALVALIDATION, G3E_ROLE, G3E_FKQRINO, G3E_FKQARGGROUPNO, G3E_DESCRIPTION)
values (723307, 7233, null, 'G3E_GEOMETRY', 'G3E_GEOMETRY', null, null, null, null, 1, 111, 1, 'Update', '0C20010000001000000001000000050000000800000000000400000037003200300030000800000000000400000037003200310031000800000000000600000037003200310031003000360008000000000006000000370032003300330030003100080000000000040000005400520055004500000000000000000000000000000000000000000000000000000000000000000000000000000000000000000000000000000000000000000000000000000000000000000000000000000000000000000000000000000000000000000000000000000000000000000000000000000000000000000000000000000000000000000000000000000000000000000000000000000000000000000000000000000000000000000000000000000000000000000000000000000000000000000000000000000000000000000000000000000000000000000000000000000000000000000000000000000000000000000000000000000000000000000000000000000000000000000000000000000000000000000000000000000000000000000000000000000000000000000000000000000000000000000000000000000000000000000000000000000000000000000000000000000000000000000000000000000000000000000000000000000000000000000000000000000000000000000000000000000000000000000000000000', null, null, null, null, null, 0, 1, 32, null, null, 0, sysdate, null, null, null, 1, 0, 1, null, null, null, 0, null, 1, 'EVERYONE', null, null, null);
commit;

insert into g3e_attribute (G3E_ANO, G3E_CNO, G3E_VNO, G3E_FIELD, G3E_USERNAME, G3E_FORMAT, G3E_PRECISION, G3E_DOMAINTABLE, G3E_DOMAINFIELD, G3E_REQUIRED, G3E_FINO, G3E_FUNCTIONALORDINAL, G3E_FUNCTIONALTYPE, G3E_INTERFACEARGUMENT, G3E_TOOLTIP, G3E_FOREIGNKEYTABLE, G3E_FOREIGNKEYFIELD, G3E_HYPERTEXT, G3E_PNO, G3E_COPY, G3E_EXCLUDEFROMEDIT, G3E_DATATYPE, G3E_ADDITIONALREFFIELDS, G3E_IMPORTFIELD, G3E_EXCLUDEFROMREPLACE, G3E_EDITDATE, G3E_WIDTHINTWIPS, G3E_CATALOGCOPYVALUE, G3E_LOCALECOMMENT, G3E_BREAKCOPY, G3E_COPYATTRIBUTE, G3E_WRAPTEXT, G3E_MERGEEXPRESSION, G3E_RINO, G3E_RIARGGROUPNO, G3E_UNIQUE, G3E_COMPRELATIVEANO, G3E_FUNCTIONALVALIDATION, G3E_ROLE, G3E_FKQRINO, G3E_FKQARGGROUPNO, G3E_DESCRIPTION)
values (723308, 7233, null, 'G3E_ALIGNMENT', 'Alignment', 'General Number', null, null, null, 0, null, null, null, null, null, null, null, null, null, 0, 1, 4, null, null, 0, sysdate, null, null, null, 1, 0, 1, null, null, null, 0, null, 1, 'EVERYONE', null, null, null);
commit;

insert into g3e_attribute (G3E_ANO, G3E_CNO, G3E_VNO, G3E_FIELD, G3E_USERNAME, G3E_FORMAT, G3E_PRECISION, G3E_DOMAINTABLE, G3E_DOMAINFIELD, G3E_REQUIRED, G3E_FINO, G3E_FUNCTIONALORDINAL, G3E_FUNCTIONALTYPE, G3E_INTERFACEARGUMENT, G3E_TOOLTIP, G3E_FOREIGNKEYTABLE, G3E_FOREIGNKEYFIELD, G3E_HYPERTEXT, G3E_PNO, G3E_COPY, G3E_EXCLUDEFROMEDIT, G3E_DATATYPE, G3E_ADDITIONALREFFIELDS, G3E_IMPORTFIELD, G3E_EXCLUDEFROMREPLACE, G3E_EDITDATE, G3E_WIDTHINTWIPS, G3E_CATALOGCOPYVALUE, G3E_LOCALECOMMENT, G3E_BREAKCOPY, G3E_COPYATTRIBUTE, G3E_WRAPTEXT, G3E_MERGEEXPRESSION, G3E_RINO, G3E_RIARGGROUPNO, G3E_UNIQUE, G3E_COMPRELATIVEANO, G3E_FUNCTIONALVALIDATION, G3E_ROLE, G3E_FKQRINO, G3E_FKQARGGROUPNO, G3E_DESCRIPTION)
values (723309, 7233, null, 'G3E_DETAILID', 'G3E_DETAILID', 'General Number', null, null, null, 0, null, null, null, null, null, null, null, null, null, 0, 0, 4, null, null, 0, sysdate, null, null, null, 1, 0, 1, null, null, null, 0, null, 1, 'EVERYONE', null, null, null);
commit;

insert into G3E_ATTRIBUTE (G3E_ANO, G3E_CNO, G3E_VNO, G3E_FIELD, G3E_USERNAME, G3E_FORMAT, G3E_PRECISION, G3E_DOMAINTABLE, G3E_DOMAINFIELD, G3E_REQUIRED, G3E_FINO, G3E_FUNCTIONALORDINAL, G3E_FUNCTIONALTYPE, G3E_INTERFACEARGUMENT, G3E_TOOLTIP, G3E_FOREIGNKEYTABLE, G3E_FOREIGNKEYFIELD, G3E_HYPERTEXT, G3E_PNO, G3E_COPY, G3E_EXCLUDEFROMEDIT, G3E_DATATYPE, G3E_ADDITIONALREFFIELDS, G3E_IMPORTFIELD, G3E_EXCLUDEFROMREPLACE, G3E_EDITDATE, G3E_WIDTHINTWIPS, G3E_CATALOGCOPYVALUE, G3E_LOCALECOMMENT, G3E_BREAKCOPY, G3E_COPYATTRIBUTE, G3E_WRAPTEXT, G3E_MERGEEXPRESSION, G3E_RINO, G3E_RIARGGROUPNO, G3E_UNIQUE, G3E_COMPRELATIVEANO, G3E_FUNCTIONALVALIDATION, G3E_ROLE, G3E_FKQRINO, G3E_FKQARGGROUPNO, G3E_DESCRIPTION)
values (723328, null, 7233, 'JOB_STATE', 'Job State', null, null, null, null, 1, null, null, null, null, null, null, null, null, 28, 1, 0, 10, null, null, 0, sysdate, null, 'NULL', null, 1, 1, 1, null, null, null, 0, null, 1, 'EVERYONE', null, null, null);

insert into G3E_ATTRIBUTE (G3E_ANO, G3E_CNO, G3E_VNO, G3E_FIELD, G3E_USERNAME, G3E_FORMAT, G3E_PRECISION, G3E_DOMAINTABLE, G3E_DOMAINFIELD, G3E_REQUIRED, G3E_FINO, G3E_FUNCTIONALORDINAL, G3E_FUNCTIONALTYPE, G3E_INTERFACEARGUMENT, G3E_TOOLTIP, G3E_FOREIGNKEYTABLE, G3E_FOREIGNKEYFIELD, G3E_HYPERTEXT, G3E_PNO, G3E_COPY, G3E_EXCLUDEFROMEDIT, G3E_DATATYPE, G3E_ADDITIONALREFFIELDS, G3E_IMPORTFIELD, G3E_EXCLUDEFROMREPLACE, G3E_EDITDATE, G3E_WIDTHINTWIPS, G3E_CATALOGCOPYVALUE, G3E_LOCALECOMMENT, G3E_BREAKCOPY, G3E_COPYATTRIBUTE, G3E_WRAPTEXT, G3E_MERGEEXPRESSION, G3E_RINO, G3E_RIARGGROUPNO, G3E_UNIQUE, G3E_COMPRELATIVEANO, G3E_FUNCTIONALVALIDATION, G3E_ROLE, G3E_FKQRINO, G3E_FKQARGGROUPNO, G3E_DESCRIPTION)
values (723329, null, 7233, 'FEATURE_STATE', 'Feature State', null, null, null, null, 1, null, null, null, null, null, null, null, null, 90, 1, 0, 10, null, null, 0, sysdate, null, '''EXT''', null, 1, 1, 1, null, null, null, 0, null, 1, 'EVERYONE', null, null, null);

insert into G3E_ATTRIBUTE (G3E_ANO, G3E_CNO, G3E_VNO, G3E_FIELD, G3E_USERNAME, G3E_FORMAT, G3E_PRECISION, G3E_DOMAINTABLE, G3E_DOMAINFIELD, G3E_REQUIRED, G3E_FINO, G3E_FUNCTIONALORDINAL, G3E_FUNCTIONALTYPE, G3E_INTERFACEARGUMENT, G3E_TOOLTIP, G3E_FOREIGNKEYTABLE, G3E_FOREIGNKEYFIELD, G3E_HYPERTEXT, G3E_PNO, G3E_COPY, G3E_EXCLUDEFROMEDIT, G3E_DATATYPE, G3E_ADDITIONALREFFIELDS, G3E_IMPORTFIELD, G3E_EXCLUDEFROMREPLACE, G3E_EDITDATE, G3E_WIDTHINTWIPS, G3E_CATALOGCOPYVALUE, G3E_LOCALECOMMENT, G3E_BREAKCOPY, G3E_COPYATTRIBUTE, G3E_WRAPTEXT, G3E_MERGEEXPRESSION, G3E_RINO, G3E_RIARGGROUPNO, G3E_UNIQUE, G3E_COMPRELATIVEANO, G3E_FUNCTIONALVALIDATION, G3E_ROLE, G3E_FKQRINO, G3E_FKQARGGROUPNO, G3E_DESCRIPTION)
values (723324, null, 7233, 'SEQ', 'Related Linear''s CID', 'General Number', null, null, null, 0, null, null, null, null, null, null, null, null, null, 0, 0, 4, null, null, 0, sysdate, null, null, null, 1, 0, 1, null, null, null, 0, null, 1, 'EVERYONE', null, null, null);
COMMIT;

insert into G3E_ATTRIBUTE (G3E_ANO, G3E_CNO, G3E_VNO, G3E_FIELD, G3E_USERNAME, G3E_FORMAT, G3E_PRECISION, G3E_DOMAINTABLE, G3E_DOMAINFIELD, G3E_REQUIRED, G3E_FINO, G3E_FUNCTIONALORDINAL, G3E_FUNCTIONALTYPE, G3E_INTERFACEARGUMENT, G3E_TOOLTIP, G3E_FOREIGNKEYTABLE, G3E_FOREIGNKEYFIELD, G3E_HYPERTEXT, G3E_PNO, G3E_COPY, G3E_EXCLUDEFROMEDIT, G3E_DATATYPE, G3E_ADDITIONALREFFIELDS, G3E_IMPORTFIELD, G3E_EXCLUDEFROMREPLACE, G3E_EDITDATE, G3E_WIDTHINTWIPS, G3E_CATALOGCOPYVALUE, G3E_LOCALECOMMENT, G3E_BREAKCOPY, G3E_COPYATTRIBUTE, G3E_WRAPTEXT, G3E_MERGEEXPRESSION, G3E_RINO, G3E_RIARGGROUPNO, G3E_UNIQUE, G3E_COMPRELATIVEANO, G3E_FUNCTIONALVALIDATION, G3E_ROLE, G3E_FKQRINO, G3E_FKQARGGROUPNO, G3E_DESCRIPTION)
values (723325, null, 7233, 'COUNT_ANNOTATION', 'Count Annotation', null, null, null, null, 0, null, null, null, null, null, null, null, null, null, 0, 0, 10, null, null, 0, sysdate, null, null, null, 1, 0, 1, null, null, null, 0, null, 1, 'EVERYONE', null, null, null);

insert into G3E_ATTRIBUTE (G3E_ANO, G3E_CNO, G3E_VNO, G3E_FIELD, G3E_USERNAME, G3E_FORMAT, G3E_PRECISION, G3E_DOMAINTABLE, G3E_DOMAINFIELD, G3E_REQUIRED, G3E_FINO, G3E_FUNCTIONALORDINAL, G3E_FUNCTIONALTYPE, G3E_INTERFACEARGUMENT, G3E_TOOLTIP, G3E_FOREIGNKEYTABLE, G3E_FOREIGNKEYFIELD, G3E_HYPERTEXT, G3E_PNO, G3E_COPY, G3E_EXCLUDEFROMEDIT, G3E_DATATYPE, G3E_ADDITIONALREFFIELDS, G3E_IMPORTFIELD, G3E_EXCLUDEFROMREPLACE, G3E_EDITDATE, G3E_WIDTHINTWIPS, G3E_CATALOGCOPYVALUE, G3E_LOCALECOMMENT, G3E_BREAKCOPY, G3E_COPYATTRIBUTE, G3E_WRAPTEXT, G3E_MERGEEXPRESSION, G3E_RINO, G3E_RIARGGROUPNO, G3E_UNIQUE, G3E_COMPRELATIVEANO, G3E_FUNCTIONALVALIDATION, G3E_ROLE, G3E_FKQRINO, G3E_FKQARGGROUPNO, G3E_DESCRIPTION)
values (723326, null, 7233, 'JOB_ID', 'Job Identification', null, null, null, null, 1, null, null, null, null, null, null, null, null, 29, 0, 0, 10, null, null, 0, sysdate, null, 'NULL', null, 1, 0, 1, null, null, null, 0, null, 1, 'EVERYONE', null, null, null);

insert into G3E_ATTRIBUTE (G3E_ANO, G3E_CNO, G3E_VNO, G3E_FIELD, G3E_USERNAME, G3E_FORMAT, G3E_PRECISION, G3E_DOMAINTABLE, G3E_DOMAINFIELD, G3E_REQUIRED, G3E_FINO, G3E_FUNCTIONALORDINAL, G3E_FUNCTIONALTYPE, G3E_INTERFACEARGUMENT, G3E_TOOLTIP, G3E_FOREIGNKEYTABLE, G3E_FOREIGNKEYFIELD, G3E_HYPERTEXT, G3E_PNO, G3E_COPY, G3E_EXCLUDEFROMEDIT, G3E_DATATYPE, G3E_ADDITIONALREFFIELDS, G3E_IMPORTFIELD, G3E_EXCLUDEFROMREPLACE, G3E_EDITDATE, G3E_WIDTHINTWIPS, G3E_CATALOGCOPYVALUE, G3E_LOCALECOMMENT, G3E_BREAKCOPY, G3E_COPYATTRIBUTE, G3E_WRAPTEXT, G3E_MERGEEXPRESSION, G3E_RINO, G3E_RIARGGROUPNO, G3E_UNIQUE, G3E_COMPRELATIVEANO, G3E_FUNCTIONALVALIDATION, G3E_ROLE, G3E_FKQRINO, G3E_FKQARGGROUPNO, G3E_DESCRIPTION)
values (723310, null, 7233, 'SAP_WRK_ID', 'SAP Work Order ID', null, null, null, null, 0, null, null, null, null, null, null, null, null, 30, 0, 0, 10, null, null, 0, sysdate, null, null, null, 0, 0, 1, null, null, null, 0, null, 1, 'EVERYONE', null, null, null);
COMMIT;

--Inserir atributos para g3e_cno 7234
insert into g3e_attribute (G3E_ANO, G3E_CNO, G3E_VNO, G3E_FIELD, G3E_USERNAME, G3E_FORMAT, G3E_PRECISION, G3E_DOMAINTABLE, G3E_DOMAINFIELD, G3E_REQUIRED, G3E_FINO, G3E_FUNCTIONALORDINAL, G3E_FUNCTIONALTYPE, G3E_INTERFACEARGUMENT, G3E_TOOLTIP, G3E_FOREIGNKEYTABLE, G3E_FOREIGNKEYFIELD, G3E_HYPERTEXT, G3E_PNO, G3E_COPY, G3E_EXCLUDEFROMEDIT, G3E_DATATYPE, G3E_ADDITIONALREFFIELDS, G3E_IMPORTFIELD, G3E_EXCLUDEFROMREPLACE, G3E_EDITDATE, G3E_WIDTHINTWIPS, G3E_CATALOGCOPYVALUE, G3E_LOCALECOMMENT, G3E_BREAKCOPY, G3E_COPYATTRIBUTE, G3E_WRAPTEXT, G3E_MERGEEXPRESSION, G3E_RINO, G3E_RIARGGROUPNO, G3E_UNIQUE, G3E_COMPRELATIVEANO, G3E_FUNCTIONALVALIDATION, G3E_ROLE, G3E_FKQRINO, G3E_FKQARGGROUPNO, G3E_DESCRIPTION)
values (723401, 7234, null, 'G3E_ID', 'Identifier', 'General Number', null, null, null, 0, null, null, null, null, null, null, null, null, null, 0, 0, 4, null, null, 0, sysdate, null, null, null, 1, 0, 1, null, null, null, 0, null, 1, 'EVERYONE', null, null, null);
commit;

insert into g3e_attribute (G3E_ANO, G3E_CNO, G3E_VNO, G3E_FIELD, G3E_USERNAME, G3E_FORMAT, G3E_PRECISION, G3E_DOMAINTABLE, G3E_DOMAINFIELD, G3E_REQUIRED, G3E_FINO, G3E_FUNCTIONALORDINAL, G3E_FUNCTIONALTYPE, G3E_INTERFACEARGUMENT, G3E_TOOLTIP, G3E_FOREIGNKEYTABLE, G3E_FOREIGNKEYFIELD, G3E_HYPERTEXT, G3E_PNO, G3E_COPY, G3E_EXCLUDEFROMEDIT, G3E_DATATYPE, G3E_ADDITIONALREFFIELDS, G3E_IMPORTFIELD, G3E_EXCLUDEFROMREPLACE, G3E_EDITDATE, G3E_WIDTHINTWIPS, G3E_CATALOGCOPYVALUE, G3E_LOCALECOMMENT, G3E_BREAKCOPY, G3E_COPYATTRIBUTE, G3E_WRAPTEXT, G3E_MERGEEXPRESSION, G3E_RINO, G3E_RIARGGROUPNO, G3E_UNIQUE, G3E_COMPRELATIVEANO, G3E_FUNCTIONALVALIDATION, G3E_ROLE, G3E_FKQRINO, G3E_FKQARGGROUPNO, G3E_DESCRIPTION)
values (723402, 7234, null, 'G3E_FNO', 'Feature Number', 'General Number', null, null, null, 0, null, null, null, null, null, null, null, null, null, 0, 0, 4, null, null, 0, sysdate, null, null, null, 1, 0, 1, null, null, null, 0, null, 1, 'EVERYONE', null, null, null);
commit;

insert into g3e_attribute (G3E_ANO, G3E_CNO, G3E_VNO, G3E_FIELD, G3E_USERNAME, G3E_FORMAT, G3E_PRECISION, G3E_DOMAINTABLE, G3E_DOMAINFIELD, G3E_REQUIRED, G3E_FINO, G3E_FUNCTIONALORDINAL, G3E_FUNCTIONALTYPE, G3E_INTERFACEARGUMENT, G3E_TOOLTIP, G3E_FOREIGNKEYTABLE, G3E_FOREIGNKEYFIELD, G3E_HYPERTEXT, G3E_PNO, G3E_COPY, G3E_EXCLUDEFROMEDIT, G3E_DATATYPE, G3E_ADDITIONALREFFIELDS, G3E_IMPORTFIELD, G3E_EXCLUDEFROMREPLACE, G3E_EDITDATE, G3E_WIDTHINTWIPS, G3E_CATALOGCOPYVALUE, G3E_LOCALECOMMENT, G3E_BREAKCOPY, G3E_COPYATTRIBUTE, G3E_WRAPTEXT, G3E_MERGEEXPRESSION, G3E_RINO, G3E_RIARGGROUPNO, G3E_UNIQUE, G3E_COMPRELATIVEANO, G3E_FUNCTIONALVALIDATION, G3E_ROLE, G3E_FKQRINO, G3E_FKQARGGROUPNO, G3E_DESCRIPTION)
values (723403, 7234, null, 'G3E_FID', 'GComms Feature ID', 'General Number', null, null, null, 0, null, null, null, null, null, null, null, null, null, 0, 1, 4, null, null, 0, sysdate, null, null, null, 1, 0, 1, null, null, null, 0, null, 1, 'EVERYONE', null, null, null);
commit;

insert into g3e_attribute (G3E_ANO, G3E_CNO, G3E_VNO, G3E_FIELD, G3E_USERNAME, G3E_FORMAT, G3E_PRECISION, G3E_DOMAINTABLE, G3E_DOMAINFIELD, G3E_REQUIRED, G3E_FINO, G3E_FUNCTIONALORDINAL, G3E_FUNCTIONALTYPE, G3E_INTERFACEARGUMENT, G3E_TOOLTIP, G3E_FOREIGNKEYTABLE, G3E_FOREIGNKEYFIELD, G3E_HYPERTEXT, G3E_PNO, G3E_COPY, G3E_EXCLUDEFROMEDIT, G3E_DATATYPE, G3E_ADDITIONALREFFIELDS, G3E_IMPORTFIELD, G3E_EXCLUDEFROMREPLACE, G3E_EDITDATE, G3E_WIDTHINTWIPS, G3E_CATALOGCOPYVALUE, G3E_LOCALECOMMENT, G3E_BREAKCOPY, G3E_COPYATTRIBUTE, G3E_WRAPTEXT, G3E_MERGEEXPRESSION, G3E_RINO, G3E_RIARGGROUPNO, G3E_UNIQUE, G3E_COMPRELATIVEANO, G3E_FUNCTIONALVALIDATION, G3E_ROLE, G3E_FKQRINO, G3E_FKQARGGROUPNO, G3E_DESCRIPTION)
values (723404, 7234, null, 'G3E_CNO', 'Component Number', 'General Number', null, null, null, 0, null, null, null, null, null, null, null, null, null, 0, 0, 4, null, null, 0, sysdate, null, null, null, 1, 0, 1, null, null, null, 0, null, 1, 'EVERYONE', null, null, null);
commit;

insert into g3e_attribute (G3E_ANO, G3E_CNO, G3E_VNO, G3E_FIELD, G3E_USERNAME, G3E_FORMAT, G3E_PRECISION, G3E_DOMAINTABLE, G3E_DOMAINFIELD, G3E_REQUIRED, G3E_FINO, G3E_FUNCTIONALORDINAL, G3E_FUNCTIONALTYPE, G3E_INTERFACEARGUMENT, G3E_TOOLTIP, G3E_FOREIGNKEYTABLE, G3E_FOREIGNKEYFIELD, G3E_HYPERTEXT, G3E_PNO, G3E_COPY, G3E_EXCLUDEFROMEDIT, G3E_DATATYPE, G3E_ADDITIONALREFFIELDS, G3E_IMPORTFIELD, G3E_EXCLUDEFROMREPLACE, G3E_EDITDATE, G3E_WIDTHINTWIPS, G3E_CATALOGCOPYVALUE, G3E_LOCALECOMMENT, G3E_BREAKCOPY, G3E_COPYATTRIBUTE, G3E_WRAPTEXT, G3E_MERGEEXPRESSION, G3E_RINO, G3E_RIARGGROUPNO, G3E_UNIQUE, G3E_COMPRELATIVEANO, G3E_FUNCTIONALVALIDATION, G3E_ROLE, G3E_FKQRINO, G3E_FKQARGGROUPNO, G3E_DESCRIPTION)
values (723405, 7234, null, 'G3E_CID', 'Component Identifier', 'General Number', null, null, null, 0, null, null, null, null, null, null, null, null, null, 0, 0, 4, null, null, 0, sysdate, null, null, null, 1, 0, 1, null, null, null, 0, null, 1, 'EVERYONE', null, null, null);
commit;

insert into g3e_attribute (G3E_ANO, G3E_CNO, G3E_VNO, G3E_FIELD, G3E_USERNAME, G3E_FORMAT, G3E_PRECISION, G3E_DOMAINTABLE, G3E_DOMAINFIELD, G3E_REQUIRED, G3E_FINO, G3E_FUNCTIONALORDINAL, G3E_FUNCTIONALTYPE, G3E_INTERFACEARGUMENT, G3E_TOOLTIP, G3E_FOREIGNKEYTABLE, G3E_FOREIGNKEYFIELD, G3E_HYPERTEXT, G3E_PNO, G3E_COPY, G3E_EXCLUDEFROMEDIT, G3E_DATATYPE, G3E_ADDITIONALREFFIELDS, G3E_IMPORTFIELD, G3E_EXCLUDEFROMREPLACE, G3E_EDITDATE, G3E_WIDTHINTWIPS, G3E_CATALOGCOPYVALUE, G3E_LOCALECOMMENT, G3E_BREAKCOPY, G3E_COPYATTRIBUTE, G3E_WRAPTEXT, G3E_MERGEEXPRESSION, G3E_RINO, G3E_RIARGGROUPNO, G3E_UNIQUE, G3E_COMPRELATIVEANO, G3E_FUNCTIONALVALIDATION, G3E_ROLE, G3E_FKQRINO, G3E_FKQARGGROUPNO, G3E_DESCRIPTION)
values (723406, 7234, null, 'SEQ', 'Related Linear CID', 'General Number', null, null, null, 0, null, null, null, null, null, null, null, null, null, 0, 1, 4, null, null, 0, sysdate, null, null, null, 1, 0, 1, null, null, null, 0, 721006, 1, 'EVERYONE', null, null, null);
commit;

insert into g3e_attribute (G3E_ANO, G3E_CNO, G3E_VNO, G3E_FIELD, G3E_USERNAME, G3E_FORMAT, G3E_PRECISION, G3E_DOMAINTABLE, G3E_DOMAINFIELD, G3E_REQUIRED, G3E_FINO, G3E_FUNCTIONALORDINAL, G3E_FUNCTIONALTYPE, G3E_INTERFACEARGUMENT, G3E_TOOLTIP, G3E_FOREIGNKEYTABLE, G3E_FOREIGNKEYFIELD, G3E_HYPERTEXT, G3E_PNO, G3E_COPY, G3E_EXCLUDEFROMEDIT, G3E_DATATYPE, G3E_ADDITIONALREFFIELDS, G3E_IMPORTFIELD, G3E_EXCLUDEFROMREPLACE, G3E_EDITDATE, G3E_WIDTHINTWIPS, G3E_CATALOGCOPYVALUE, G3E_LOCALECOMMENT, G3E_BREAKCOPY, G3E_COPYATTRIBUTE, G3E_WRAPTEXT, G3E_MERGEEXPRESSION, G3E_RINO, G3E_RIARGGROUPNO, G3E_UNIQUE, G3E_COMPRELATIVEANO, G3E_FUNCTIONALVALIDATION, G3E_ROLE, G3E_FKQRINO, G3E_FKQARGGROUPNO, G3E_DESCRIPTION)
values (723407, 7234, null, 'G3E_GEOMETRY', 'G3E_GEOMETRY', null, null, null, null, 1, 111, 1, 'Update', '0C20010000001000000001000000050000000800000000000400000037003200300030000800000000000400000037003200310030000800000000000600000037003200310030003000360008000000000006000000370032003300340030003100080000000000040000005400520055004500000000000000000000000000000000000000000000000000000000000000000000000000000000000000000000000000000000000000000000000000000000000000000000000000000000000000000000000000000000000000000000000000000000000000000000000000000000000000000000000000000000000000000000000000000000000000000000000000000000000000000000000000000000000000000000000000000000000000000000000000000000000000000000000000000000000000000000000000000000000000000000000000000000000000000000000000000000000000000000000000000000000000000000000000000000000000000000000000000000000000000000000000000000000000000000000000000000000000000000000000000000000000000000000000000000000000000000000000000000000000000000000000000000000000000000000000000000000000000000000000000000000000000000000000000000000000000000000000000000000000000000000000', null, null, null, null, null, 0, 1, 32, null, null, 0, sysdate, null, null, null, 1, 0, 1, null, null, null, 0, null, 1, 'EVERYONE', null, null, null);
commit;

insert into g3e_attribute (G3E_ANO, G3E_CNO, G3E_VNO, G3E_FIELD, G3E_USERNAME, G3E_FORMAT, G3E_PRECISION, G3E_DOMAINTABLE, G3E_DOMAINFIELD, G3E_REQUIRED, G3E_FINO, G3E_FUNCTIONALORDINAL, G3E_FUNCTIONALTYPE, G3E_INTERFACEARGUMENT, G3E_TOOLTIP, G3E_FOREIGNKEYTABLE, G3E_FOREIGNKEYFIELD, G3E_HYPERTEXT, G3E_PNO, G3E_COPY, G3E_EXCLUDEFROMEDIT, G3E_DATATYPE, G3E_ADDITIONALREFFIELDS, G3E_IMPORTFIELD, G3E_EXCLUDEFROMREPLACE, G3E_EDITDATE, G3E_WIDTHINTWIPS, G3E_CATALOGCOPYVALUE, G3E_LOCALECOMMENT, G3E_BREAKCOPY, G3E_COPYATTRIBUTE, G3E_WRAPTEXT, G3E_MERGEEXPRESSION, G3E_RINO, G3E_RIARGGROUPNO, G3E_UNIQUE, G3E_COMPRELATIVEANO, G3E_FUNCTIONALVALIDATION, G3E_ROLE, G3E_FKQRINO, G3E_FKQARGGROUPNO, G3E_DESCRIPTION)
values (723408, 7234, null, 'G3E_ALIGNMENT', 'Alignment', 'General Number', null, null, null, 0, null, null, null, null, null, null, null, null, null, 0, 1, 4, null, null, 0, sysdate, null, null, null, 1, 0, 1, null, null, null, 0, null, 1, 'EVERYONE', null, null, null);
commit;


insert into G3E_ATTRIBUTE (G3E_ANO, G3E_CNO, G3E_VNO, G3E_FIELD, G3E_USERNAME, G3E_FORMAT, G3E_PRECISION, G3E_DOMAINTABLE, G3E_DOMAINFIELD, G3E_REQUIRED, G3E_FINO, G3E_FUNCTIONALORDINAL, G3E_FUNCTIONALTYPE, G3E_INTERFACEARGUMENT, G3E_TOOLTIP, G3E_FOREIGNKEYTABLE, G3E_FOREIGNKEYFIELD, G3E_HYPERTEXT, G3E_PNO, G3E_COPY, G3E_EXCLUDEFROMEDIT, G3E_DATATYPE, G3E_ADDITIONALREFFIELDS, G3E_IMPORTFIELD, G3E_EXCLUDEFROMREPLACE, G3E_EDITDATE, G3E_WIDTHINTWIPS, G3E_CATALOGCOPYVALUE, G3E_LOCALECOMMENT, G3E_BREAKCOPY, G3E_COPYATTRIBUTE, G3E_WRAPTEXT, G3E_MERGEEXPRESSION, G3E_RINO, G3E_RIARGGROUPNO, G3E_UNIQUE, G3E_COMPRELATIVEANO, G3E_FUNCTIONALVALIDATION, G3E_ROLE, G3E_FKQRINO, G3E_FKQARGGROUPNO, G3E_DESCRIPTION)
values (723424, null, 7234, 'SEQ', 'Related Linear''s CID', 'General Number', null, null, null, 0, null, null, null, null, null, null, null, null, null, 0, 0, 4, null, null, 0, sysdate, null, null, null, 1, 0, 1, null, null, null, 0, null, 1, 'EVERYONE', null, null, null);
COMMIT;

insert into G3E_ATTRIBUTE (G3E_ANO, G3E_CNO, G3E_VNO, G3E_FIELD, G3E_USERNAME, G3E_FORMAT, G3E_PRECISION, G3E_DOMAINTABLE, G3E_DOMAINFIELD, G3E_REQUIRED, G3E_FINO, G3E_FUNCTIONALORDINAL, G3E_FUNCTIONALTYPE, G3E_INTERFACEARGUMENT, G3E_TOOLTIP, G3E_FOREIGNKEYTABLE, G3E_FOREIGNKEYFIELD, G3E_HYPERTEXT, G3E_PNO, G3E_COPY, G3E_EXCLUDEFROMEDIT, G3E_DATATYPE, G3E_ADDITIONALREFFIELDS, G3E_IMPORTFIELD, G3E_EXCLUDEFROMREPLACE, G3E_EDITDATE, G3E_WIDTHINTWIPS, G3E_CATALOGCOPYVALUE, G3E_LOCALECOMMENT, G3E_BREAKCOPY, G3E_COPYATTRIBUTE, G3E_WRAPTEXT, G3E_MERGEEXPRESSION, G3E_RINO, G3E_RIARGGROUPNO, G3E_UNIQUE, G3E_COMPRELATIVEANO, G3E_FUNCTIONALVALIDATION, G3E_ROLE, G3E_FKQRINO, G3E_FKQARGGROUPNO, G3E_DESCRIPTION)
values (723425, null, 7234, 'COUNT_ANNOTATION', 'Count Annotation', null, null, null, null, 0, null, null, null, null, null, null, null, null, null, 0, 0, 10, null, null, 0, sysdate, null, null, null, 1, 0, 1, null, null, null, 0, null, 1, 'EVERYONE', null, null, null);

insert into G3E_ATTRIBUTE (G3E_ANO, G3E_CNO, G3E_VNO, G3E_FIELD, G3E_USERNAME, G3E_FORMAT, G3E_PRECISION, G3E_DOMAINTABLE, G3E_DOMAINFIELD, G3E_REQUIRED, G3E_FINO, G3E_FUNCTIONALORDINAL, G3E_FUNCTIONALTYPE, G3E_INTERFACEARGUMENT, G3E_TOOLTIP, G3E_FOREIGNKEYTABLE, G3E_FOREIGNKEYFIELD, G3E_HYPERTEXT, G3E_PNO, G3E_COPY, G3E_EXCLUDEFROMEDIT, G3E_DATATYPE, G3E_ADDITIONALREFFIELDS, G3E_IMPORTFIELD, G3E_EXCLUDEFROMREPLACE, G3E_EDITDATE, G3E_WIDTHINTWIPS, G3E_CATALOGCOPYVALUE, G3E_LOCALECOMMENT, G3E_BREAKCOPY, G3E_COPYATTRIBUTE, G3E_WRAPTEXT, G3E_MERGEEXPRESSION, G3E_RINO, G3E_RIARGGROUPNO, G3E_UNIQUE, G3E_COMPRELATIVEANO, G3E_FUNCTIONALVALIDATION, G3E_ROLE, G3E_FKQRINO, G3E_FKQARGGROUPNO, G3E_DESCRIPTION)
values (723426, null, 7234, 'JOB_ID', 'Job Identification', null, null, null, null, 1, null, null, null, null, null, null, null, null, 29, 0, 0, 10, null, null, 0, sysdate, null, 'NULL', null, 1, 0, 1, null, null, null, 0, null, 1, 'EVERYONE', null, null, null);

insert into G3E_ATTRIBUTE (G3E_ANO, G3E_CNO, G3E_VNO, G3E_FIELD, G3E_USERNAME, G3E_FORMAT, G3E_PRECISION, G3E_DOMAINTABLE, G3E_DOMAINFIELD, G3E_REQUIRED, G3E_FINO, G3E_FUNCTIONALORDINAL, G3E_FUNCTIONALTYPE, G3E_INTERFACEARGUMENT, G3E_TOOLTIP, G3E_FOREIGNKEYTABLE, G3E_FOREIGNKEYFIELD, G3E_HYPERTEXT, G3E_PNO, G3E_COPY, G3E_EXCLUDEFROMEDIT, G3E_DATATYPE, G3E_ADDITIONALREFFIELDS, G3E_IMPORTFIELD, G3E_EXCLUDEFROMREPLACE, G3E_EDITDATE, G3E_WIDTHINTWIPS, G3E_CATALOGCOPYVALUE, G3E_LOCALECOMMENT, G3E_BREAKCOPY, G3E_COPYATTRIBUTE, G3E_WRAPTEXT, G3E_MERGEEXPRESSION, G3E_RINO, G3E_RIARGGROUPNO, G3E_UNIQUE, G3E_COMPRELATIVEANO, G3E_FUNCTIONALVALIDATION, G3E_ROLE, G3E_FKQRINO, G3E_FKQARGGROUPNO, G3E_DESCRIPTION)
values (723428, null, 7234, 'JOB_STATE', 'Job State', null, null, null, null, 1, null, null, null, null, null, null, null, null, 28, 1, 0, 10, null, null, 0, sysdate, null, 'NULL', null, 1, 1, 1, null, null, null, 0, null, 1, 'EVERYONE', null, null, null);

insert into G3E_ATTRIBUTE (G3E_ANO, G3E_CNO, G3E_VNO, G3E_FIELD, G3E_USERNAME, G3E_FORMAT, G3E_PRECISION, G3E_DOMAINTABLE, G3E_DOMAINFIELD, G3E_REQUIRED, G3E_FINO, G3E_FUNCTIONALORDINAL, G3E_FUNCTIONALTYPE, G3E_INTERFACEARGUMENT, G3E_TOOLTIP, G3E_FOREIGNKEYTABLE, G3E_FOREIGNKEYFIELD, G3E_HYPERTEXT, G3E_PNO, G3E_COPY, G3E_EXCLUDEFROMEDIT, G3E_DATATYPE, G3E_ADDITIONALREFFIELDS, G3E_IMPORTFIELD, G3E_EXCLUDEFROMREPLACE, G3E_EDITDATE, G3E_WIDTHINTWIPS, G3E_CATALOGCOPYVALUE, G3E_LOCALECOMMENT, G3E_BREAKCOPY, G3E_COPYATTRIBUTE, G3E_WRAPTEXT, G3E_MERGEEXPRESSION, G3E_RINO, G3E_RIARGGROUPNO, G3E_UNIQUE, G3E_COMPRELATIVEANO, G3E_FUNCTIONALVALIDATION, G3E_ROLE, G3E_FKQRINO, G3E_FKQARGGROUPNO, G3E_DESCRIPTION)
values (723429, null, 7234, 'FEATURE_STATE', 'Feature State', null, null, null, null, 1, null, null, null, null, null, null, null, null, 90, 1, 0, 10, null, null, 0, sysdate, null, '''EXT''', null, 1, 1, 1, null, null, null, 0, null, 1, 'EVERYONE', null, null, null);

insert into G3E_ATTRIBUTE (G3E_ANO, G3E_CNO, G3E_VNO, G3E_FIELD, G3E_USERNAME, G3E_FORMAT, G3E_PRECISION, G3E_DOMAINTABLE, G3E_DOMAINFIELD, G3E_REQUIRED, G3E_FINO, G3E_FUNCTIONALORDINAL, G3E_FUNCTIONALTYPE, G3E_INTERFACEARGUMENT, G3E_TOOLTIP, G3E_FOREIGNKEYTABLE, G3E_FOREIGNKEYFIELD, G3E_HYPERTEXT, G3E_PNO, G3E_COPY, G3E_EXCLUDEFROMEDIT, G3E_DATATYPE, G3E_ADDITIONALREFFIELDS, G3E_IMPORTFIELD, G3E_EXCLUDEFROMREPLACE, G3E_EDITDATE, G3E_WIDTHINTWIPS, G3E_CATALOGCOPYVALUE, G3E_LOCALECOMMENT, G3E_BREAKCOPY, G3E_COPYATTRIBUTE, G3E_WRAPTEXT, G3E_MERGEEXPRESSION, G3E_RINO, G3E_RIARGGROUPNO, G3E_UNIQUE, G3E_COMPRELATIVEANO, G3E_FUNCTIONALVALIDATION, G3E_ROLE, G3E_FKQRINO, G3E_FKQARGGROUPNO, G3E_DESCRIPTION)
values (723410, null, 7234, 'SAP_WRK_ID', 'SAP Work Order ID', null, null, null, null, 0, null, null, null, null, null, null, null, null, 30, 0, 0, 10, null, null, 0, sysdate, null, null, null, 0, 0, 1, null, null, null, 0, null, 1, 'EVERYONE', null, null, null);

--Inserir atributos para g3e_cno 7235
insert into g3e_attribute (G3E_ANO, G3E_CNO, G3E_VNO, G3E_FIELD, G3E_USERNAME, G3E_FORMAT, G3E_PRECISION, G3E_DOMAINTABLE, G3E_DOMAINFIELD, G3E_REQUIRED, G3E_FINO, G3E_FUNCTIONALORDINAL, G3E_FUNCTIONALTYPE, G3E_INTERFACEARGUMENT, G3E_TOOLTIP, G3E_FOREIGNKEYTABLE, G3E_FOREIGNKEYFIELD, G3E_HYPERTEXT, G3E_PNO, G3E_COPY, G3E_EXCLUDEFROMEDIT, G3E_DATATYPE, G3E_ADDITIONALREFFIELDS, G3E_IMPORTFIELD, G3E_EXCLUDEFROMREPLACE, G3E_EDITDATE, G3E_WIDTHINTWIPS, G3E_CATALOGCOPYVALUE, G3E_LOCALECOMMENT, G3E_BREAKCOPY, G3E_COPYATTRIBUTE, G3E_WRAPTEXT, G3E_MERGEEXPRESSION, G3E_RINO, G3E_RIARGGROUPNO, G3E_UNIQUE, G3E_COMPRELATIVEANO, G3E_FUNCTIONALVALIDATION, G3E_ROLE, G3E_FKQRINO, G3E_FKQARGGROUPNO, G3E_DESCRIPTION)
values (723501, 7235, null, 'G3E_ID', 'Identifier', 'General Number', null, null, null, 0, null, null, null, null, null, null, null, null, null, 0, 0, 4, null, null, 0, sysdate, null, null, null, 1, 0, 1, null, null, null, 0, null, 1, 'EVERYONE', null, null, null);
commit;

insert into g3e_attribute (G3E_ANO, G3E_CNO, G3E_VNO, G3E_FIELD, G3E_USERNAME, G3E_FORMAT, G3E_PRECISION, G3E_DOMAINTABLE, G3E_DOMAINFIELD, G3E_REQUIRED, G3E_FINO, G3E_FUNCTIONALORDINAL, G3E_FUNCTIONALTYPE, G3E_INTERFACEARGUMENT, G3E_TOOLTIP, G3E_FOREIGNKEYTABLE, G3E_FOREIGNKEYFIELD, G3E_HYPERTEXT, G3E_PNO, G3E_COPY, G3E_EXCLUDEFROMEDIT, G3E_DATATYPE, G3E_ADDITIONALREFFIELDS, G3E_IMPORTFIELD, G3E_EXCLUDEFROMREPLACE, G3E_EDITDATE, G3E_WIDTHINTWIPS, G3E_CATALOGCOPYVALUE, G3E_LOCALECOMMENT, G3E_BREAKCOPY, G3E_COPYATTRIBUTE, G3E_WRAPTEXT, G3E_MERGEEXPRESSION, G3E_RINO, G3E_RIARGGROUPNO, G3E_UNIQUE, G3E_COMPRELATIVEANO, G3E_FUNCTIONALVALIDATION, G3E_ROLE, G3E_FKQRINO, G3E_FKQARGGROUPNO, G3E_DESCRIPTION)
values (723502, 7235, null, 'G3E_FNO', 'Feature Number', 'General Number', null, null, null, 0, null, null, null, null, null, null, null, null, null, 0, 0, 4, null, null, 0, sysdate, null, null, null, 1, 0, 1, null, null, null, 0, null, 1, 'EVERYONE', null, null, null);
commit;

insert into g3e_attribute (G3E_ANO, G3E_CNO, G3E_VNO, G3E_FIELD, G3E_USERNAME, G3E_FORMAT, G3E_PRECISION, G3E_DOMAINTABLE, G3E_DOMAINFIELD, G3E_REQUIRED, G3E_FINO, G3E_FUNCTIONALORDINAL, G3E_FUNCTIONALTYPE, G3E_INTERFACEARGUMENT, G3E_TOOLTIP, G3E_FOREIGNKEYTABLE, G3E_FOREIGNKEYFIELD, G3E_HYPERTEXT, G3E_PNO, G3E_COPY, G3E_EXCLUDEFROMEDIT, G3E_DATATYPE, G3E_ADDITIONALREFFIELDS, G3E_IMPORTFIELD, G3E_EXCLUDEFROMREPLACE, G3E_EDITDATE, G3E_WIDTHINTWIPS, G3E_CATALOGCOPYVALUE, G3E_LOCALECOMMENT, G3E_BREAKCOPY, G3E_COPYATTRIBUTE, G3E_WRAPTEXT, G3E_MERGEEXPRESSION, G3E_RINO, G3E_RIARGGROUPNO, G3E_UNIQUE, G3E_COMPRELATIVEANO, G3E_FUNCTIONALVALIDATION, G3E_ROLE, G3E_FKQRINO, G3E_FKQARGGROUPNO, G3E_DESCRIPTION)
values (723503, 7235, null, 'G3E_FID', 'GComms Feature ID', 'General Number', null, null, null, 0, null, null, null, null, null, null, null, null, null, 0, 1, 4, null, null, 0, sysdate, null, null, null, 1, 0, 1, null, null, null, 0, null, 1, 'EVERYONE', null, null, null);
commit;

insert into g3e_attribute (G3E_ANO, G3E_CNO, G3E_VNO, G3E_FIELD, G3E_USERNAME, G3E_FORMAT, G3E_PRECISION, G3E_DOMAINTABLE, G3E_DOMAINFIELD, G3E_REQUIRED, G3E_FINO, G3E_FUNCTIONALORDINAL, G3E_FUNCTIONALTYPE, G3E_INTERFACEARGUMENT, G3E_TOOLTIP, G3E_FOREIGNKEYTABLE, G3E_FOREIGNKEYFIELD, G3E_HYPERTEXT, G3E_PNO, G3E_COPY, G3E_EXCLUDEFROMEDIT, G3E_DATATYPE, G3E_ADDITIONALREFFIELDS, G3E_IMPORTFIELD, G3E_EXCLUDEFROMREPLACE, G3E_EDITDATE, G3E_WIDTHINTWIPS, G3E_CATALOGCOPYVALUE, G3E_LOCALECOMMENT, G3E_BREAKCOPY, G3E_COPYATTRIBUTE, G3E_WRAPTEXT, G3E_MERGEEXPRESSION, G3E_RINO, G3E_RIARGGROUPNO, G3E_UNIQUE, G3E_COMPRELATIVEANO, G3E_FUNCTIONALVALIDATION, G3E_ROLE, G3E_FKQRINO, G3E_FKQARGGROUPNO, G3E_DESCRIPTION)
values (723504, 7235, null, 'G3E_CNO', 'Component Number', 'General Number', null, null, null, 0, null, null, null, null, null, null, null, null, null, 0, 0, 4, null, null, 0, sysdate, null, null, null, 1, 0, 1, null, null, null, 0, null, 1, 'EVERYONE', null, null, null);
commit;

insert into g3e_attribute (G3E_ANO, G3E_CNO, G3E_VNO, G3E_FIELD, G3E_USERNAME, G3E_FORMAT, G3E_PRECISION, G3E_DOMAINTABLE, G3E_DOMAINFIELD, G3E_REQUIRED, G3E_FINO, G3E_FUNCTIONALORDINAL, G3E_FUNCTIONALTYPE, G3E_INTERFACEARGUMENT, G3E_TOOLTIP, G3E_FOREIGNKEYTABLE, G3E_FOREIGNKEYFIELD, G3E_HYPERTEXT, G3E_PNO, G3E_COPY, G3E_EXCLUDEFROMEDIT, G3E_DATATYPE, G3E_ADDITIONALREFFIELDS, G3E_IMPORTFIELD, G3E_EXCLUDEFROMREPLACE, G3E_EDITDATE, G3E_WIDTHINTWIPS, G3E_CATALOGCOPYVALUE, G3E_LOCALECOMMENT, G3E_BREAKCOPY, G3E_COPYATTRIBUTE, G3E_WRAPTEXT, G3E_MERGEEXPRESSION, G3E_RINO, G3E_RIARGGROUPNO, G3E_UNIQUE, G3E_COMPRELATIVEANO, G3E_FUNCTIONALVALIDATION, G3E_ROLE, G3E_FKQRINO, G3E_FKQARGGROUPNO, G3E_DESCRIPTION)
values (723505, 7235, null, 'G3E_CID', 'Component Identifier', 'General Number', null, null, null, 0, null, null, null, null, null, null, null, null, null, 0, 0, 4, null, null, 0, sysdate, null, null, null, 1, 0, 1, null, null, null, 0, null, 1, 'EVERYONE', null, null, null);
commit;

insert into g3e_attribute (G3E_ANO, G3E_CNO, G3E_VNO, G3E_FIELD, G3E_USERNAME, G3E_FORMAT, G3E_PRECISION, G3E_DOMAINTABLE, G3E_DOMAINFIELD, G3E_REQUIRED, G3E_FINO, G3E_FUNCTIONALORDINAL, G3E_FUNCTIONALTYPE, G3E_INTERFACEARGUMENT, G3E_TOOLTIP, G3E_FOREIGNKEYTABLE, G3E_FOREIGNKEYFIELD, G3E_HYPERTEXT, G3E_PNO, G3E_COPY, G3E_EXCLUDEFROMEDIT, G3E_DATATYPE, G3E_ADDITIONALREFFIELDS, G3E_IMPORTFIELD, G3E_EXCLUDEFROMREPLACE, G3E_EDITDATE, G3E_WIDTHINTWIPS, G3E_CATALOGCOPYVALUE, G3E_LOCALECOMMENT, G3E_BREAKCOPY, G3E_COPYATTRIBUTE, G3E_WRAPTEXT, G3E_MERGEEXPRESSION, G3E_RINO, G3E_RIARGGROUPNO, G3E_UNIQUE, G3E_COMPRELATIVEANO, G3E_FUNCTIONALVALIDATION, G3E_ROLE, G3E_FKQRINO, G3E_FKQARGGROUPNO, G3E_DESCRIPTION)
values (723506, 7235, null, 'SEQ', 'Related Linear CID', 'General Number', null, null, null, 0, null, null, null, null, null, null, null, null, null, 0, 1, 4, null, null, 0, sysdate, null, null, null, 1, 0, 1, null, null, null, 0, 721006, 1, 'EVERYONE', null, null, null);
commit;

insert into g3e_attribute (G3E_ANO, G3E_CNO, G3E_VNO, G3E_FIELD, G3E_USERNAME, G3E_FORMAT, G3E_PRECISION, G3E_DOMAINTABLE, G3E_DOMAINFIELD, G3E_REQUIRED, G3E_FINO, G3E_FUNCTIONALORDINAL, G3E_FUNCTIONALTYPE, G3E_INTERFACEARGUMENT, G3E_TOOLTIP, G3E_FOREIGNKEYTABLE, G3E_FOREIGNKEYFIELD, G3E_HYPERTEXT, G3E_PNO, G3E_COPY, G3E_EXCLUDEFROMEDIT, G3E_DATATYPE, G3E_ADDITIONALREFFIELDS, G3E_IMPORTFIELD, G3E_EXCLUDEFROMREPLACE, G3E_EDITDATE, G3E_WIDTHINTWIPS, G3E_CATALOGCOPYVALUE, G3E_LOCALECOMMENT, G3E_BREAKCOPY, G3E_COPYATTRIBUTE, G3E_WRAPTEXT, G3E_MERGEEXPRESSION, G3E_RINO, G3E_RIARGGROUPNO, G3E_UNIQUE, G3E_COMPRELATIVEANO, G3E_FUNCTIONALVALIDATION, G3E_ROLE, G3E_FKQRINO, G3E_FKQARGGROUPNO, G3E_DESCRIPTION)
values (723507, 7235, null, 'G3E_GEOMETRY', 'G3E_GEOMETRY', null, null, null, null, 1, 111, 1, 'Update', '0C20010000001000000001000000050000000800000000000400000037003200300030000800000000000400000037003200310031000800000000000600000037003200310031003000360008000000000006000000370032003300350030003100080000000000040000005400520055004500000000000000000000000000000000000000000000000000000000000000000000000000000000000000000000000000000000000000000000000000000000000000000000000000000000000000000000000000000000000000000000000000000000000000000000000000000000000000000000000000000000000000000000000000000000000000000000000000000000000000000000000000000000000000000000000000000000000000000000000000000000000000000000000000000000000000000000000000000000000000000000000000000000000000000000000000000000000000000000000000000000000000000000000000000000000000000000000000000000000000000000000000000000000000000000000000000000000000000000000000000000000000000000000000000000000000000000000000000000000000000000000000000000000000000000000000000000000000000000000000000000000000000000000000000000000000000000000000000000000000000000000000', null, null, null, null, null, 0, 1, 32, null, null, 0, sysdate, null, null, null, 1, 0, 1, null, null, null, 0, null, 1, 'EVERYONE', null, null, null);
commit;

insert into g3e_attribute (G3E_ANO, G3E_CNO, G3E_VNO, G3E_FIELD, G3E_USERNAME, G3E_FORMAT, G3E_PRECISION, G3E_DOMAINTABLE, G3E_DOMAINFIELD, G3E_REQUIRED, G3E_FINO, G3E_FUNCTIONALORDINAL, G3E_FUNCTIONALTYPE, G3E_INTERFACEARGUMENT, G3E_TOOLTIP, G3E_FOREIGNKEYTABLE, G3E_FOREIGNKEYFIELD, G3E_HYPERTEXT, G3E_PNO, G3E_COPY, G3E_EXCLUDEFROMEDIT, G3E_DATATYPE, G3E_ADDITIONALREFFIELDS, G3E_IMPORTFIELD, G3E_EXCLUDEFROMREPLACE, G3E_EDITDATE, G3E_WIDTHINTWIPS, G3E_CATALOGCOPYVALUE, G3E_LOCALECOMMENT, G3E_BREAKCOPY, G3E_COPYATTRIBUTE, G3E_WRAPTEXT, G3E_MERGEEXPRESSION, G3E_RINO, G3E_RIARGGROUPNO, G3E_UNIQUE, G3E_COMPRELATIVEANO, G3E_FUNCTIONALVALIDATION, G3E_ROLE, G3E_FKQRINO, G3E_FKQARGGROUPNO, G3E_DESCRIPTION)
values (723508, 7235, null, 'G3E_ALIGNMENT', 'Alignment', 'General Number', null, null, null, 0, null, null, null, null, null, null, null, null, null, 0, 1, 4, null, null, 0, sysdate, null, null, null, 1, 0, 1, null, null, null, 0, null, 1, 'EVERYONE', null, null, null);
commit;

insert into g3e_attribute (G3E_ANO, G3E_CNO, G3E_VNO, G3E_FIELD, G3E_USERNAME, G3E_FORMAT, G3E_PRECISION, G3E_DOMAINTABLE, G3E_DOMAINFIELD, G3E_REQUIRED, G3E_FINO, G3E_FUNCTIONALORDINAL, G3E_FUNCTIONALTYPE, G3E_INTERFACEARGUMENT, G3E_TOOLTIP, G3E_FOREIGNKEYTABLE, G3E_FOREIGNKEYFIELD, G3E_HYPERTEXT, G3E_PNO, G3E_COPY, G3E_EXCLUDEFROMEDIT, G3E_DATATYPE, G3E_ADDITIONALREFFIELDS, G3E_IMPORTFIELD, G3E_EXCLUDEFROMREPLACE, G3E_EDITDATE, G3E_WIDTHINTWIPS, G3E_CATALOGCOPYVALUE, G3E_LOCALECOMMENT, G3E_BREAKCOPY, G3E_COPYATTRIBUTE, G3E_WRAPTEXT, G3E_MERGEEXPRESSION, G3E_RINO, G3E_RIARGGROUPNO, G3E_UNIQUE, G3E_COMPRELATIVEANO, G3E_FUNCTIONALVALIDATION, G3E_ROLE, G3E_FKQRINO, G3E_FKQARGGROUPNO, G3E_DESCRIPTION)
values (723509, 7235, null, 'G3E_DETAILID', 'G3E_DETAILID', 'General Number', null, null, null, 0, null, null, null, null, null, null, null, null, null, 0, 0, 4, null, null, 0, sysdate, null, null, null, 1, 0, 1, null, null, null, 0, null, 1, 'EVERYONE', null, null, null);
commit;


insert into G3E_ATTRIBUTE (G3E_ANO, G3E_CNO, G3E_VNO, G3E_FIELD, G3E_USERNAME, G3E_FORMAT, G3E_PRECISION, G3E_DOMAINTABLE, G3E_DOMAINFIELD, G3E_REQUIRED, G3E_FINO, G3E_FUNCTIONALORDINAL, G3E_FUNCTIONALTYPE, G3E_INTERFACEARGUMENT, G3E_TOOLTIP, G3E_FOREIGNKEYTABLE, G3E_FOREIGNKEYFIELD, G3E_HYPERTEXT, G3E_PNO, G3E_COPY, G3E_EXCLUDEFROMEDIT, G3E_DATATYPE, G3E_ADDITIONALREFFIELDS, G3E_IMPORTFIELD, G3E_EXCLUDEFROMREPLACE, G3E_EDITDATE, G3E_WIDTHINTWIPS, G3E_CATALOGCOPYVALUE, G3E_LOCALECOMMENT, G3E_BREAKCOPY, G3E_COPYATTRIBUTE, G3E_WRAPTEXT, G3E_MERGEEXPRESSION, G3E_RINO, G3E_RIARGGROUPNO, G3E_UNIQUE, G3E_COMPRELATIVEANO, G3E_FUNCTIONALVALIDATION, G3E_ROLE, G3E_FKQRINO, G3E_FKQARGGROUPNO, G3E_DESCRIPTION)
values (723524, null, 7235, 'SEQ', 'Related Linear''s CID', 'General Number', null, null, null, 0, null, null, null, null, null, null, null, null, null, 0, 0, 4, null, null, 0, sysdate, null, null, null, 1, 0, 1, null, null, null, 0, null, 1, 'EVERYONE', null, null, null);
COMMIT;

insert into G3E_ATTRIBUTE (G3E_ANO, G3E_CNO, G3E_VNO, G3E_FIELD, G3E_USERNAME, G3E_FORMAT, G3E_PRECISION, G3E_DOMAINTABLE, G3E_DOMAINFIELD, G3E_REQUIRED, G3E_FINO, G3E_FUNCTIONALORDINAL, G3E_FUNCTIONALTYPE, G3E_INTERFACEARGUMENT, G3E_TOOLTIP, G3E_FOREIGNKEYTABLE, G3E_FOREIGNKEYFIELD, G3E_HYPERTEXT, G3E_PNO, G3E_COPY, G3E_EXCLUDEFROMEDIT, G3E_DATATYPE, G3E_ADDITIONALREFFIELDS, G3E_IMPORTFIELD, G3E_EXCLUDEFROMREPLACE, G3E_EDITDATE, G3E_WIDTHINTWIPS, G3E_CATALOGCOPYVALUE, G3E_LOCALECOMMENT, G3E_BREAKCOPY, G3E_COPYATTRIBUTE, G3E_WRAPTEXT, G3E_MERGEEXPRESSION, G3E_RINO, G3E_RIARGGROUPNO, G3E_UNIQUE, G3E_COMPRELATIVEANO, G3E_FUNCTIONALVALIDATION, G3E_ROLE, G3E_FKQRINO, G3E_FKQARGGROUPNO, G3E_DESCRIPTION)
values (723525, null, 7235, 'COUNT_ANNOTATION', 'Count Annotation', null, null, null, null, 0, null, null, null, null, null, null, null, null, null, 0, 0, 10, null, null, 0, sysdate, null, null, null, 1, 0, 1, null, null, null, 0, null, 1, 'EVERYONE', null, null, null);

insert into G3E_ATTRIBUTE (G3E_ANO, G3E_CNO, G3E_VNO, G3E_FIELD, G3E_USERNAME, G3E_FORMAT, G3E_PRECISION, G3E_DOMAINTABLE, G3E_DOMAINFIELD, G3E_REQUIRED, G3E_FINO, G3E_FUNCTIONALORDINAL, G3E_FUNCTIONALTYPE, G3E_INTERFACEARGUMENT, G3E_TOOLTIP, G3E_FOREIGNKEYTABLE, G3E_FOREIGNKEYFIELD, G3E_HYPERTEXT, G3E_PNO, G3E_COPY, G3E_EXCLUDEFROMEDIT, G3E_DATATYPE, G3E_ADDITIONALREFFIELDS, G3E_IMPORTFIELD, G3E_EXCLUDEFROMREPLACE, G3E_EDITDATE, G3E_WIDTHINTWIPS, G3E_CATALOGCOPYVALUE, G3E_LOCALECOMMENT, G3E_BREAKCOPY, G3E_COPYATTRIBUTE, G3E_WRAPTEXT, G3E_MERGEEXPRESSION, G3E_RINO, G3E_RIARGGROUPNO, G3E_UNIQUE, G3E_COMPRELATIVEANO, G3E_FUNCTIONALVALIDATION, G3E_ROLE, G3E_FKQRINO, G3E_FKQARGGROUPNO, G3E_DESCRIPTION)
values (723526, null, 7235, 'JOB_ID', 'Job Identification', null, null, null, null, 1, null, null, null, null, null, null, null, null, 29, 0, 0, 10, null, null, 0, sysdate, null, 'NULL', null, 1, 0, 1, null, null, null, 0, null, 1, 'EVERYONE', null, null, null);

insert into G3E_ATTRIBUTE (G3E_ANO, G3E_CNO, G3E_VNO, G3E_FIELD, G3E_USERNAME, G3E_FORMAT, G3E_PRECISION, G3E_DOMAINTABLE, G3E_DOMAINFIELD, G3E_REQUIRED, G3E_FINO, G3E_FUNCTIONALORDINAL, G3E_FUNCTIONALTYPE, G3E_INTERFACEARGUMENT, G3E_TOOLTIP, G3E_FOREIGNKEYTABLE, G3E_FOREIGNKEYFIELD, G3E_HYPERTEXT, G3E_PNO, G3E_COPY, G3E_EXCLUDEFROMEDIT, G3E_DATATYPE, G3E_ADDITIONALREFFIELDS, G3E_IMPORTFIELD, G3E_EXCLUDEFROMREPLACE, G3E_EDITDATE, G3E_WIDTHINTWIPS, G3E_CATALOGCOPYVALUE, G3E_LOCALECOMMENT, G3E_BREAKCOPY, G3E_COPYATTRIBUTE, G3E_WRAPTEXT, G3E_MERGEEXPRESSION, G3E_RINO, G3E_RIARGGROUPNO, G3E_UNIQUE, G3E_COMPRELATIVEANO, G3E_FUNCTIONALVALIDATION, G3E_ROLE, G3E_FKQRINO, G3E_FKQARGGROUPNO, G3E_DESCRIPTION)
values (723528, null, 7235, 'JOB_STATE', 'Job State', null, null, null, null, 1, null, null, null, null, null, null, null, null, 28, 1, 0, 10, null, null, 0, sysdate, null, 'NULL', null, 1, 1, 1, null, null, null, 0, null, 1, 'EVERYONE', null, null, null);
COMMIT;

insert into G3E_ATTRIBUTE (G3E_ANO, G3E_CNO, G3E_VNO, G3E_FIELD, G3E_USERNAME, G3E_FORMAT, G3E_PRECISION, G3E_DOMAINTABLE, G3E_DOMAINFIELD, G3E_REQUIRED, G3E_FINO, G3E_FUNCTIONALORDINAL, G3E_FUNCTIONALTYPE, G3E_INTERFACEARGUMENT, G3E_TOOLTIP, G3E_FOREIGNKEYTABLE, G3E_FOREIGNKEYFIELD, G3E_HYPERTEXT, G3E_PNO, G3E_COPY, G3E_EXCLUDEFROMEDIT, G3E_DATATYPE, G3E_ADDITIONALREFFIELDS, G3E_IMPORTFIELD, G3E_EXCLUDEFROMREPLACE, G3E_EDITDATE, G3E_WIDTHINTWIPS, G3E_CATALOGCOPYVALUE, G3E_LOCALECOMMENT, G3E_BREAKCOPY, G3E_COPYATTRIBUTE, G3E_WRAPTEXT, G3E_MERGEEXPRESSION, G3E_RINO, G3E_RIARGGROUPNO, G3E_UNIQUE, G3E_COMPRELATIVEANO, G3E_FUNCTIONALVALIDATION, G3E_ROLE, G3E_FKQRINO, G3E_FKQARGGROUPNO, G3E_DESCRIPTION)
values (723529, null, 7235, 'FEATURE_STATE', 'Feature State', null, null, null, null, 1, null, null, null, null, null, null, null, null, 90, 1, 0, 10, null, null, 0, sysdate, null, '''EXT''', null, 1, 1, 1, null, null, null, 0, null, 1, 'EVERYONE', null, null, null);

insert into G3E_ATTRIBUTE (G3E_ANO, G3E_CNO, G3E_VNO, G3E_FIELD, G3E_USERNAME, G3E_FORMAT, G3E_PRECISION, G3E_DOMAINTABLE, G3E_DOMAINFIELD, G3E_REQUIRED, G3E_FINO, G3E_FUNCTIONALORDINAL, G3E_FUNCTIONALTYPE, G3E_INTERFACEARGUMENT, G3E_TOOLTIP, G3E_FOREIGNKEYTABLE, G3E_FOREIGNKEYFIELD, G3E_HYPERTEXT, G3E_PNO, G3E_COPY, G3E_EXCLUDEFROMEDIT, G3E_DATATYPE, G3E_ADDITIONALREFFIELDS, G3E_IMPORTFIELD, G3E_EXCLUDEFROMREPLACE, G3E_EDITDATE, G3E_WIDTHINTWIPS, G3E_CATALOGCOPYVALUE, G3E_LOCALECOMMENT, G3E_BREAKCOPY, G3E_COPYATTRIBUTE, G3E_WRAPTEXT, G3E_MERGEEXPRESSION, G3E_RINO, G3E_RIARGGROUPNO, G3E_UNIQUE, G3E_COMPRELATIVEANO, G3E_FUNCTIONALVALIDATION, G3E_ROLE, G3E_FKQRINO, G3E_FKQARGGROUPNO, G3E_DESCRIPTION)
values (723510, null, 7235, 'SAP_WRK_ID', 'SAP Work Order ID', null, null, null, null, 0, null, null, null, null, null, null, null, null, 30, 0, 0, 10, null, null, 0, sysdate, null, null, null, 0, 0, 1, null, null, null, 0, null, 1, 'EVERYONE', null, null, null);

--Executar 
execute MG3ElanguageSubTableUtils.SynchronizeSubTables;
COMMIT;
execute MG3EOTCreateOptimizedTables;
COMMIT;
execute MG3ECreateOptableViews;
COMMIT;
execute G3EOneTable.InstallOneTable('GC_FCBLCNT_BL_T');
execute G3EOneTable.InstallOneTable('DGC_FCBLCNT_BL_T');
execute G3EOneTable.InstallOneTable('GC_FCBLCNT_TL_T');
execute G3EOneTable.InstallOneTable('DGC_FCBLCNT_TL_T');
COMMIT;
execute LTT_Role.Create_Public_Synonym;
COMMIT;
execute LTT_Role.Create_Component_View_Synonym;
COMMIT;
execute LTT_Role.Grant_Privs_To_Role;
COMMIT;

--Inserindo na g3e_textstyle
insert into g3e_textstyle (G3E_SNO, G3E_USERNAME, G3E_COLOR, G3E_FONTNAME, G3E_FONTBOLD, G3E_FONTITALIC, G3E_FONTSTRIKETHROUGH, G3E_FONTUNDERLINE, G3E_FONTWEIGHT, G3E_SIZE, G3E_TEXTBOX, G3E_TEXTBOXFILLCOLOR, G3E_TEXTBOXFILLTYPE, G3E_TEXTBOXFRAME, G3E_TEXTBOXFRAMECOLOR, G3E_TEXTBOXFRAMEWIDTH, G3E_PLOTREDLINE, G3E_EDITDATE, G3E_JUSTIFICATION, G3E_UNDERLINESNO, G3E_LEFTTEXTBOXOFFSET, G3E_RIGHTTEXTBOXOFFSET, G3E_TOPTEXTBOXOFFSET, G3E_BOTTOMTEXTBOXOFFSET, G3E_STYLEUNITS, G3E_TRANSLUCENCY, G3E_TEXTBOXFILLTRANSLUCENCY, G3E_TEXTBOXHATCHTRANSLUCENCY, G3E_TEXTBOXFRAMETRANSLUCENCY, G3E_TEXTBOXHATCHCOLOR)
values (7232001, 'Fiber Cable Count BL Label', 0, 'Arial', 0, 0, 0, 0, 400, 5.5, 0, -3, 0, 1, 0, 2.834652, 0, sysdate, 1, null, 0.22, 0.22, 0.22, 0.22, 1, null, 100, null, null, null);
commit;

insert into g3e_textstyle (G3E_SNO, G3E_USERNAME, G3E_COLOR, G3E_FONTNAME, G3E_FONTBOLD, G3E_FONTITALIC, G3E_FONTSTRIKETHROUGH, G3E_FONTUNDERLINE, G3E_FONTWEIGHT, G3E_SIZE, G3E_TEXTBOX, G3E_TEXTBOXFILLCOLOR, G3E_TEXTBOXFILLTYPE, G3E_TEXTBOXFRAME, G3E_TEXTBOXFRAMECOLOR, G3E_TEXTBOXFRAMEWIDTH, G3E_PLOTREDLINE, G3E_EDITDATE, G3E_JUSTIFICATION, G3E_UNDERLINESNO, G3E_LEFTTEXTBOXOFFSET, G3E_RIGHTTEXTBOXOFFSET, G3E_TOPTEXTBOXOFFSET, G3E_BOTTOMTEXTBOXOFFSET, G3E_STYLEUNITS, G3E_TRANSLUCENCY, G3E_TEXTBOXFILLTRANSLUCENCY, G3E_TEXTBOXHATCHTRANSLUCENCY, G3E_TEXTBOXFRAMETRANSLUCENCY, G3E_TEXTBOXHATCHCOLOR)
values (7233001, 'Fiber Cable Count BL Detail Label', 0, 'Arial', 0, 0, 0, 0, 400, 5.5, 0, -3, 0, 1, 0, 2.834652, 0, sysdate, 1, null, 0.22, 0.22, 0.22, 0.22, 1, null, 100, null, null, null);
commit;
-- No funciona - Chamado aberto na Intergraph se encontra sem resoluo
/*
insert into g3e_textstyle (G3E_SNO, G3E_USERNAME, G3E_COLOR, G3E_FONTNAME, G3E_FONTBOLD, G3E_FONTITALIC, G3E_FONTSTRIKETHROUGH, G3E_FONTUNDERLINE, G3E_FONTWEIGHT, G3E_SIZE, G3E_TEXTBOX, G3E_TEXTBOXFILLCOLOR, G3E_TEXTBOXFILLTYPE, G3E_TEXTBOXFRAME, G3E_TEXTBOXFRAMECOLOR, G3E_TEXTBOXFRAMEWIDTH, G3E_PLOTREDLINE, G3E_EDITDATE, G3E_JUSTIFICATION, G3E_UNDERLINESNO, G3E_LEFTTEXTBOXOFFSET, G3E_RIGHTTEXTBOXOFFSET, G3E_TOPTEXTBOXOFFSET, G3E_BOTTOMTEXTBOXOFFSET, G3E_STYLEUNITS, G3E_TRANSLUCENCY, G3E_TEXTBOXFILLTRANSLUCENCY, G3E_TEXTBOXHATCHTRANSLUCENCY, G3E_TEXTBOXFRAMETRANSLUCENCY, G3E_TEXTBOXHATCHCOLOR)
values (7232002, 'Fiber Cable Count BL Label JOB_STATE=''PRP''', 255, 'Arial', 1, 1, 0, 0, 700, 5.5, 0, -3, 0, 1, 0, 2.834652, 0, sysdate, 1, null, 0.22, 0.22, 0.22, 0.22, 1, null, 100, null, null, null);
commit;

insert into g3e_textstyle (G3E_SNO, G3E_USERNAME, G3E_COLOR, G3E_FONTNAME, G3E_FONTBOLD, G3E_FONTITALIC, G3E_FONTSTRIKETHROUGH, G3E_FONTUNDERLINE, G3E_FONTWEIGHT, G3E_SIZE, G3E_TEXTBOX, G3E_TEXTBOXFILLCOLOR, G3E_TEXTBOXFILLTYPE, G3E_TEXTBOXFRAME, G3E_TEXTBOXFRAMECOLOR, G3E_TEXTBOXFRAMEWIDTH, G3E_PLOTREDLINE, G3E_EDITDATE, G3E_JUSTIFICATION, G3E_UNDERLINESNO, G3E_LEFTTEXTBOXOFFSET, G3E_RIGHTTEXTBOXOFFSET, G3E_TOPTEXTBOXOFFSET, G3E_BOTTOMTEXTBOXOFFSET, G3E_STYLEUNITS, G3E_TRANSLUCENCY, G3E_TEXTBOXFILLTRANSLUCENCY, G3E_TEXTBOXHATCHTRANSLUCENCY, G3E_TEXTBOXFRAMETRANSLUCENCY, G3E_TEXTBOXHATCHCOLOR)
values (7232003, 'Fiber Cable Count BL Label JOB_STATE=''UNC''', 65280, 'Arial', 1, 1, 0, 0, 700, 5.5, 0, -3, 0, 1, 0, 2.834652, 0, sysdate, 1, null, 0.22, 0.22, 0.22, 0.22, 1, null, 100, null, null, null);
commit;

insert into g3e_textstyle (G3E_SNO, G3E_USERNAME, G3E_COLOR, G3E_FONTNAME, G3E_FONTBOLD, G3E_FONTITALIC, G3E_FONTSTRIKETHROUGH, G3E_FONTUNDERLINE, G3E_FONTWEIGHT, G3E_SIZE, G3E_TEXTBOX, G3E_TEXTBOXFILLCOLOR, G3E_TEXTBOXFILLTYPE, G3E_TEXTBOXFRAME, G3E_TEXTBOXFRAMECOLOR, G3E_TEXTBOXFRAMEWIDTH, G3E_PLOTREDLINE, G3E_EDITDATE, G3E_JUSTIFICATION, G3E_UNDERLINESNO, G3E_LEFTTEXTBOXOFFSET, G3E_RIGHTTEXTBOXOFFSET, G3E_TOPTEXTBOXOFFSET, G3E_BOTTOMTEXTBOXOFFSET, G3E_STYLEUNITS, G3E_TRANSLUCENCY, G3E_TEXTBOXFILLTRANSLUCENCY, G3E_TEXTBOXHATCHTRANSLUCENCY, G3E_TEXTBOXFRAMETRANSLUCENCY, G3E_TEXTBOXHATCHCOLOR)
values (7232099, 'Fiber Cable Count BL Label No Match', 0, 'Arial', 0, 0, 0, 0, 400, 5.5, 0, -3, 0, 1, 0, 2.834652, 0, sysdate, 1, null, 0.22, 0.22, 0.22, 0.22, 1, null, 100, null, null, null);
commit;
*/

insert into g3e_textstyle (G3E_SNO, G3E_USERNAME, G3E_COLOR, G3E_FONTNAME, G3E_FONTBOLD, G3E_FONTITALIC, G3E_FONTSTRIKETHROUGH, G3E_FONTUNDERLINE, G3E_FONTWEIGHT, G3E_SIZE, G3E_TEXTBOX, G3E_TEXTBOXFILLCOLOR, G3E_TEXTBOXFILLTYPE, G3E_TEXTBOXFRAME, G3E_TEXTBOXFRAMECOLOR, G3E_TEXTBOXFRAMEWIDTH, G3E_PLOTREDLINE, G3E_EDITDATE, G3E_JUSTIFICATION, G3E_UNDERLINESNO, G3E_LEFTTEXTBOXOFFSET, G3E_RIGHTTEXTBOXOFFSET, G3E_TOPTEXTBOXOFFSET, G3E_BOTTOMTEXTBOXOFFSET, G3E_STYLEUNITS, G3E_TRANSLUCENCY, G3E_TEXTBOXFILLTRANSLUCENCY, G3E_TEXTBOXHATCHTRANSLUCENCY, G3E_TEXTBOXFRAMETRANSLUCENCY, G3E_TEXTBOXHATCHCOLOR)
values (7234001, 'Fiber Cable Count TL Label', 0, 'Arial', 0, 0, 0, 0, 400, 5.5, 0, -3, 0, 1, 0, 2.834652, 0, sysdate, 1, null, 0.22, 0.22, 0.22, 0.22, 1, null, 100, null, null, null);
commit;

insert into g3e_textstyle (G3E_SNO, G3E_USERNAME, G3E_COLOR, G3E_FONTNAME, G3E_FONTBOLD, G3E_FONTITALIC, G3E_FONTSTRIKETHROUGH, G3E_FONTUNDERLINE, G3E_FONTWEIGHT, G3E_SIZE, G3E_TEXTBOX, G3E_TEXTBOXFILLCOLOR, G3E_TEXTBOXFILLTYPE, G3E_TEXTBOXFRAME, G3E_TEXTBOXFRAMECOLOR, G3E_TEXTBOXFRAMEWIDTH, G3E_PLOTREDLINE, G3E_EDITDATE, G3E_JUSTIFICATION, G3E_UNDERLINESNO, G3E_LEFTTEXTBOXOFFSET, G3E_RIGHTTEXTBOXOFFSET, G3E_TOPTEXTBOXOFFSET, G3E_BOTTOMTEXTBOXOFFSET, G3E_STYLEUNITS, G3E_TRANSLUCENCY, G3E_TEXTBOXFILLTRANSLUCENCY, G3E_TEXTBOXHATCHTRANSLUCENCY, G3E_TEXTBOXFRAMETRANSLUCENCY, G3E_TEXTBOXHATCHCOLOR)
values (7235001, 'Fiber Cable Count TL Detail Label', 0, 'Arial', 0, 0, 0, 0, 400, 5.5, 0, -3, 0, 1, 0, 2.834652, 0, sysdate, 1, null, 0.22, 0.22, 0.22, 0.22, 1, null, 100, null, null, null);
commit;

-- No funciona - Chamado aberto na Intergraph se encontra sem resoluo
/*
insert into g3e_textstyle (G3E_SNO, G3E_USERNAME, G3E_COLOR, G3E_FONTNAME, G3E_FONTBOLD, G3E_FONTITALIC, G3E_FONTSTRIKETHROUGH, G3E_FONTUNDERLINE, G3E_FONTWEIGHT, G3E_SIZE, G3E_TEXTBOX, G3E_TEXTBOXFILLCOLOR, G3E_TEXTBOXFILLTYPE, G3E_TEXTBOXFRAME, G3E_TEXTBOXFRAMECOLOR, G3E_TEXTBOXFRAMEWIDTH, G3E_PLOTREDLINE, G3E_EDITDATE, G3E_JUSTIFICATION, G3E_UNDERLINESNO, G3E_LEFTTEXTBOXOFFSET, G3E_RIGHTTEXTBOXOFFSET, G3E_TOPTEXTBOXOFFSET, G3E_BOTTOMTEXTBOXOFFSET, G3E_STYLEUNITS, G3E_TRANSLUCENCY, G3E_TEXTBOXFILLTRANSLUCENCY, G3E_TEXTBOXHATCHTRANSLUCENCY, G3E_TEXTBOXFRAMETRANSLUCENCY, G3E_TEXTBOXHATCHCOLOR)
values (7234002, 'Fiber Cable Count TL Label JOB_STATE=''PRP''', 255, 'Arial', 1, 1, 0, 0, 700, 5.5, 0, -3, 0, 1, 0, 2.834652, 0, sysdate, 1, null, 0.22, 0.22, 0.22, 0.22, 1, null, 100, null, null, null);
commit;

insert into g3e_textstyle (G3E_SNO, G3E_USERNAME, G3E_COLOR, G3E_FONTNAME, G3E_FONTBOLD, G3E_FONTITALIC, G3E_FONTSTRIKETHROUGH, G3E_FONTUNDERLINE, G3E_FONTWEIGHT, G3E_SIZE, G3E_TEXTBOX, G3E_TEXTBOXFILLCOLOR, G3E_TEXTBOXFILLTYPE, G3E_TEXTBOXFRAME, G3E_TEXTBOXFRAMECOLOR, G3E_TEXTBOXFRAMEWIDTH, G3E_PLOTREDLINE, G3E_EDITDATE, G3E_JUSTIFICATION, G3E_UNDERLINESNO, G3E_LEFTTEXTBOXOFFSET, G3E_RIGHTTEXTBOXOFFSET, G3E_TOPTEXTBOXOFFSET, G3E_BOTTOMTEXTBOXOFFSET, G3E_STYLEUNITS, G3E_TRANSLUCENCY, G3E_TEXTBOXFILLTRANSLUCENCY, G3E_TEXTBOXHATCHTRANSLUCENCY, G3E_TEXTBOXFRAMETRANSLUCENCY, G3E_TEXTBOXHATCHCOLOR)
values (7234003, 'Fiber Cable Count TL Label JOB_STATE=''UNC''', 65280, 'Arial', 1, 1, 0, 0, 700, 5.5, 0, -3, 0, 1, 0, 2.834652, 0, sysdate, 1, null, 0.22, 0.22, 0.22, 0.22, 1, null, 100, null, null, null);
commit;

insert into g3e_textstyle (G3E_SNO, G3E_USERNAME, G3E_COLOR, G3E_FONTNAME, G3E_FONTBOLD, G3E_FONTITALIC, G3E_FONTSTRIKETHROUGH, G3E_FONTUNDERLINE, G3E_FONTWEIGHT, G3E_SIZE, G3E_TEXTBOX, G3E_TEXTBOXFILLCOLOR, G3E_TEXTBOXFILLTYPE, G3E_TEXTBOXFRAME, G3E_TEXTBOXFRAMECOLOR, G3E_TEXTBOXFRAMEWIDTH, G3E_PLOTREDLINE, G3E_EDITDATE, G3E_JUSTIFICATION, G3E_UNDERLINESNO, G3E_LEFTTEXTBOXOFFSET, G3E_RIGHTTEXTBOXOFFSET, G3E_TOPTEXTBOXOFFSET, G3E_BOTTOMTEXTBOXOFFSET, G3E_STYLEUNITS, G3E_TRANSLUCENCY, G3E_TEXTBOXFILLTRANSLUCENCY, G3E_TEXTBOXHATCHTRANSLUCENCY, G3E_TEXTBOXFRAMETRANSLUCENCY, G3E_TEXTBOXHATCHCOLOR)
values (7234099, 'Fiber Cable Count TL Label No Match', 0, 'Arial', 0, 0, 0, 0, 400, 5.5, 0, -3, 0, 1, 0, 2.834652, 0, sysdate, 1, null, 0.22, 0.22, 0.22, 0.22, 1, null, 100, null, null, null);
commit;
*/

--Inserir na g3e_label
insert into g3e_label (G3E_LFNO, G3E_USERNAME, G3E_CONTENT, G3E_EDITDATE, G3E_LOCALECOMMENT)
values (723201, 'Fiber Cable Count BL Label', '[COUNT_ANNOTATION]', sysdate, null);
commit;

insert into g3e_label (G3E_LFNO, G3E_USERNAME, G3E_CONTENT, G3E_EDITDATE, G3E_LOCALECOMMENT)
values (723301, 'Fiber Cable Count BL Detail Label', '[COUNT_ANNOTATION]', sysdate, null);
commit;

-- No funciona - Chamado aberto na Intergraph se encontra sem resoluo
/*
insert into g3e_label (G3E_LFNO, G3E_USERNAME, G3E_CONTENT, G3E_EDITDATE, G3E_LOCALECOMMENT)
values (723202, 'Fiber Cable Count BL Label PRP/UNC EXT', '[COUNT_ANNOTATION]', sysdate, null);
commit;

insert into g3e_label (G3E_LFNO, G3E_USERNAME, G3E_CONTENT, G3E_EDITDATE, G3E_LOCALECOMMENT)
values (723203, 'Fiber Cable Count BL Label CLD AB', ' ', sysdate, null);
commit;

insert into g3e_label (G3E_LFNO, G3E_USERNAME, G3E_CONTENT, G3E_EDITDATE, G3E_LOCALECOMMENT)
values (723204, 'Fiber Cable Count BL Label PRP/UNC AB', '[COUNT_ANNOTATION]', sysdate, null);
commit;

insert into g3e_label (G3E_LFNO, G3E_USERNAME, G3E_CONTENT, G3E_EDITDATE, G3E_LOCALECOMMENT)
values (723205, 'Fiber Cable Count BL Label PRP/UNC RM', '[COUNT_ANNOTATION]', sysdate, null);
commit;

insert into g3e_label (G3E_LFNO, G3E_USERNAME, G3E_CONTENT, G3E_EDITDATE, G3E_LOCALECOMMENT)
values (723206, 'Fiber Cable Count BL Label NO COUNT', 'NO COUNT', sysdate, null);
commit;
*/

insert into g3e_label (G3E_LFNO, G3E_USERNAME, G3E_CONTENT, G3E_EDITDATE, G3E_LOCALECOMMENT)
values (723401, 'Fiber Cable Count TL Label', '[COUNT_ANNOTATION]', sysdate, null);
commit;

insert into g3e_label (G3E_LFNO, G3E_USERNAME, G3E_CONTENT, G3E_EDITDATE, G3E_LOCALECOMMENT)
values (723501, 'Fiber Cable Count TL Detail Label', '[COUNT_ANNOTATION]', sysdate, null);
commit;

-- No funciona - Chamado aberto na Intergraph se encontra sem resoluo
/*
insert into g3e_label (G3E_LFNO, G3E_USERNAME, G3E_CONTENT, G3E_EDITDATE, G3E_LOCALECOMMENT)
values (723402, 'Fiber Cable Count TL Label PRP/UNC EXT', '[COUNT_ANNOTATION]', sysdate, null);
commit;

insert into g3e_label (G3E_LFNO, G3E_USERNAME, G3E_CONTENT, G3E_EDITDATE, G3E_LOCALECOMMENT)
values (723403, 'Fiber Cable Count TL Label CLD AB', ' ', sysdate, null);
commit;

insert into g3e_label (G3E_LFNO, G3E_USERNAME, G3E_CONTENT, G3E_EDITDATE, G3E_LOCALECOMMENT)
values (723404, 'Fiber Cable Count TL Label PRP/UNC AB', '[COUNT_ANNOTATION]', sysdate, null);
commit;

insert into g3e_label (G3E_LFNO, G3E_USERNAME, G3E_CONTENT, G3E_EDITDATE, G3E_LOCALECOMMENT)
values (723405, 'Fiber Cable Count TL Label PRP/UNC RM', '[COUNT_ANNOTATION]', sysdate, null);
commit;

insert into g3e_label (G3E_LFNO, G3E_USERNAME, G3E_CONTENT, G3E_EDITDATE, G3E_LOCALECOMMENT)
values (723406, 'Fiber Cable Count TL Label NO COUNT', 'NO COUNT', sysdate, null);
commit;
*/

--Inserindo na g3e_labelrule
insert into g3e_labelrule (G3E_LRROWNO, G3E_LRNO, G3E_RULE, G3E_FILTER, G3E_FILTERORDINAL, G3E_LFNO, G3E_EDITDATE)
values (72320101, 723201, 'Fiber Cable Count BL Label', null, 2, 723201, sysdate);
commit;

insert into g3e_labelrule (G3E_LRROWNO, G3E_LRNO, G3E_RULE, G3E_FILTER, G3E_FILTERORDINAL, G3E_LFNO, G3E_EDITDATE)
values (72330101, 723301, 'Fiber Cable Count BL Detail Label', null, 2, 723301, sysdate);
commit;

-- No funciona - Chamado aberto na Intergraph se encontra sem resoluo
/*
insert into g3e_labelrule (G3E_LRROWNO, G3E_LRNO, G3E_RULE, G3E_FILTER, G3E_FILTERORDINAL, G3E_LFNO, G3E_EDITDATE)
values (72320102, 723201, 'Fiber Cable Count BL Label', 'FEATURE_STATE=''EXT'' and (JOB_STATE=''PRP'' or JOB_STATE=''UNC'')', 3, 723202, sysdate);
commit;

insert into g3e_labelrule (G3E_LRROWNO, G3E_LRNO, G3E_RULE, G3E_FILTER, G3E_FILTERORDINAL, G3E_LFNO, G3E_EDITDATE)
values (72320103, 723201, 'Fiber Cable Count BL Label', 'FEATURE_STATE=''AB'' and JOB_STATE=''CLD''', 4, 723203, sysdate);
commit;

insert into g3e_labelrule (G3E_LRROWNO, G3E_LRNO, G3E_RULE, G3E_FILTER, G3E_FILTERORDINAL, G3E_LFNO, G3E_EDITDATE)
values (72320104, 723201, 'Fiber Cable Count BL Label', 'FEATURE_STATE=''AB'' and (JOB_STATE=''PRP'' or JOB_STATE=''UNC'')', 5, 723204, sysdate);
commit;

insert into g3e_labelrule (G3E_LRROWNO, G3E_LRNO, G3E_RULE, G3E_FILTER, G3E_FILTERORDINAL, G3E_LFNO, G3E_EDITDATE)
values (72320105, 723201, 'Fiber Cable Count BL Label', 'FEATURE_STATE=''RM'' and (JOB_STATE=''PRP'' or JOB_STATE=''UNC'')', 6, 723205, sysdate);
commit;

insert into g3e_labelrule (G3E_LRROWNO, G3E_LRNO, G3E_RULE, G3E_FILTER, G3E_FILTERORDINAL, G3E_LFNO, G3E_EDITDATE)
values (72320106, 723201, 'Fiber Cable Count BL Label', 'COUNT_ANNOTATION IS NULL', 1, 723206, sysdate);
commit;

insert into g3e_labelrule (G3E_LRROWNO, G3E_LRNO, G3E_RULE, G3E_FILTER, G3E_FILTERORDINAL, G3E_LFNO, G3E_EDITDATE)
values (72320199, 723201, 'Fiber Cable Count BL Label', null, 99, 39999, sysdate);
commit;
*/

insert into g3e_labelrule (G3E_LRROWNO, G3E_LRNO, G3E_RULE, G3E_FILTER, G3E_FILTERORDINAL, G3E_LFNO, G3E_EDITDATE)
values (72340101, 723401, 'Fiber Cable Count TL Label', null, 2, 723401, sysdate);
commit;

insert into g3e_labelrule (G3E_LRROWNO, G3E_LRNO, G3E_RULE, G3E_FILTER, G3E_FILTERORDINAL, G3E_LFNO, G3E_EDITDATE)
values (72350101, 723501, 'Fiber Cable Count TL Detail Label', null, 2, 723501, sysdate);
commit;

-- No funciona - Chamado aberto na Intergraph se encontra sem resoluo
/*
insert into g3e_labelrule (G3E_LRROWNO, G3E_LRNO, G3E_RULE, G3E_FILTER, G3E_FILTERORDINAL, G3E_LFNO, G3E_EDITDATE)
values (72340102, 723401, 'Fiber Cable Count TL Label', 'FEATURE_STATE=''EXT'' and (JOB_STATE=''PRP'' or JOB_STATE=''UNC'')', 3, 723402, sysdate);
commit;

insert into g3e_labelrule (G3E_LRROWNO, G3E_LRNO, G3E_RULE, G3E_FILTER, G3E_FILTERORDINAL, G3E_LFNO, G3E_EDITDATE)
values (72340103, 723401, 'Fiber Cable Count TL Label', 'FEATURE_STATE=''AB'' and JOB_STATE=''CLD''', 4, 723403, sysdate);
commit;

insert into g3e_labelrule (G3E_LRROWNO, G3E_LRNO, G3E_RULE, G3E_FILTER, G3E_FILTERORDINAL, G3E_LFNO, G3E_EDITDATE)
values (72340104, 723401, 'Fiber Cable Count TL Label', 'FEATURE_STATE=''AB'' and (JOB_STATE=''PRP'' or JOB_STATE=''UNC'')', 5, 723404, sysdate);
commit;

insert into g3e_labelrule (G3E_LRROWNO, G3E_LRNO, G3E_RULE, G3E_FILTER, G3E_FILTERORDINAL, G3E_LFNO, G3E_EDITDATE)
values (72340105, 723401, 'Fiber Cable Count TL Label', 'FEATURE_STATE=''RM'' and (JOB_STATE=''PRP'' or JOB_STATE=''UNC'')', 6, 723405, sysdate);
commit;

insert into g3e_labelrule (G3E_LRROWNO, G3E_LRNO, G3E_RULE, G3E_FILTER, G3E_FILTERORDINAL, G3E_LFNO, G3E_EDITDATE)
values (72340199, 723401, 'Fiber Cable Count TL Label', null, 99, 39999, sysdate);
commit;

insert into g3e_labelrule (G3E_LRROWNO, G3E_LRNO, G3E_RULE, G3E_FILTER, G3E_FILTERORDINAL, G3E_LFNO, G3E_EDITDATE)
values (72340106, 723401, 'Fiber Cable Count TL Label', null, 1, 723406, sysdate);
commit;
*/

--Inserindo na g3e_stylerule
insert into G3E_STYLERULE (G3E_SRROWNO, G3E_SRNO, G3E_RULE, G3E_FILTER, G3E_FILTERORDINAL, G3E_SNO, G3E_EDITDATE, G3E_DESCRIPTION, G3E_LOCALECOMMENT)
values (72320101, 723201, 'Fiber Cable Count BL Label', null, 1, 7232001, sysdate, 'Fiber Cable Count BL', null);
commit;

insert into G3E_STYLERULE (G3E_SRROWNO, G3E_SRNO, G3E_RULE, G3E_FILTER, G3E_FILTERORDINAL, G3E_SNO, G3E_EDITDATE, G3E_DESCRIPTION, G3E_LOCALECOMMENT)
values (72330101, 723301, 'Fiber Cable Count BL Detail Label', null, 1, 7233001, sysdate, 'Fiber Cable Count Detail BL', null);
commit;

-- No funciona - Chamado aberto na Intergraph se encontra sem resoluo
/*
insert into G3E_STYLERULE (G3E_SRROWNO, G3E_SRNO, G3E_RULE, G3E_FILTER, G3E_FILTERORDINAL, G3E_SNO, G3E_EDITDATE, G3E_DESCRIPTION, G3E_LOCALECOMMENT)
values (72320102, 723201, 'Fiber Cable Count BL Label', 'JOB_STATE=''PRP''', 2, 7232002, sysdate, 'Fiber Cable Count BL Label JOB_STATE=''PRP''', null);
commit;

insert into G3E_STYLERULE (G3E_SRROWNO, G3E_SRNO, G3E_RULE, G3E_FILTER, G3E_FILTERORDINAL, G3E_SNO, G3E_EDITDATE, G3E_DESCRIPTION, G3E_LOCALECOMMENT)
values (72320103, 723201, 'Fiber Cable Count BL Label', 'JOB_STATE=''UNC''', 3, 7232003, sysdate, 'Fiber Cable Count BL Label JOB_STATE=''UNC''', null);
commit;

insert into G3E_STYLERULE (G3E_SRROWNO, G3E_SRNO, G3E_RULE, G3E_FILTER, G3E_FILTERORDINAL, G3E_SNO, G3E_EDITDATE, G3E_DESCRIPTION, G3E_LOCALECOMMENT)
values (72320199, 723201, 'Fiber Cable Count BL Label', null, 99, 7232099, sysdate, 'Fiber Cable Count BL Label No Match', null);
commit;
*/

insert into G3E_STYLERULE (G3E_SRROWNO, G3E_SRNO, G3E_RULE, G3E_FILTER, G3E_FILTERORDINAL, G3E_SNO, G3E_EDITDATE, G3E_DESCRIPTION, G3E_LOCALECOMMENT)
values (72340101, 723401, 'Fiber Cable Count TL Label', null, 1, 7234001, sysdate, 'Fiber Cable Count TL Label', null);
commit;

insert into G3E_STYLERULE (G3E_SRROWNO, G3E_SRNO, G3E_RULE, G3E_FILTER, G3E_FILTERORDINAL, G3E_SNO, G3E_EDITDATE, G3E_DESCRIPTION, G3E_LOCALECOMMENT)
values (72350101, 723501, 'Fiber Cable Count TL Detail Label', null, 1, 7235001, sysdate, 'Fiber Cable Count TL Detail Label', null);
commit;

-- No funciona - Chamado aberto na Intergraph se encontra sem resoluo
/*
insert into G3E_STYLERULE (G3E_SRROWNO, G3E_SRNO, G3E_RULE, G3E_FILTER, G3E_FILTERORDINAL, G3E_SNO, G3E_EDITDATE, G3E_DESCRIPTION, G3E_LOCALECOMMENT)
values (72340102, 723401, 'Fiber Cable Count TL Label', 'JOB_STATE=''PRP''', 2, 7234002, sysdate, 'Fiber Cable Count TL Label JOB_STATE=''PRP''', null);
commit;

insert into G3E_STYLERULE (G3E_SRROWNO, G3E_SRNO, G3E_RULE, G3E_FILTER, G3E_FILTERORDINAL, G3E_SNO, G3E_EDITDATE, G3E_DESCRIPTION, G3E_LOCALECOMMENT)
values (72340103, 723401, 'Fiber Cable Count TL Label', 'JOB_STATE=''UNC''', 3, 7234003, sysdate, 'Fiber Cable Count TL Label JOB_STATE=''UNC''', null);
commit;

insert into G3E_STYLERULE (G3E_SRROWNO, G3E_SRNO, G3E_RULE, G3E_FILTER, G3E_FILTERORDINAL, G3E_SNO, G3E_EDITDATE, G3E_DESCRIPTION, G3E_LOCALECOMMENT)
values (72340199, 723401, 'Fiber Cable Count TL Label', null, 99, 7234099, sysdate, 'Fiber Cable Count TL Label No Match', null);
commit;
*/

--Inserindo na g3e_legendentry
insert into G3E_LEGENDENTRY (G3E_LENO, G3E_LEGENDENTRY, G3E_USERNAME, G3E_VNO, G3E_SRNO, G3E_LRNO, G3E_EDITDATE, G3E_ROLE, G3E_LAYERNAME, G3E_LOCALECOMMENT, G3E_TRANSLUCENCY, G3E_FILLTRANSLUCENCY)
values (723201, 'VGC_FCBLCNT_BL_T', 'Fiber Cable Count BL Geo Label', 7232, 723201, 723201, sysdate, 'EVERYONE', null, null, null, null);
commit;

insert into G3E_LEGENDENTRY (G3E_LENO, G3E_LEGENDENTRY, G3E_USERNAME, G3E_VNO, G3E_SRNO, G3E_LRNO, G3E_EDITDATE, G3E_ROLE, G3E_LAYERNAME, G3E_LOCALECOMMENT, G3E_TRANSLUCENCY, G3E_FILLTRANSLUCENCY)
values (723301, 'VDGC_FCBLCNT_BL_T', 'Fiber Cable Count BL Detail Label', 7233, 723301, 723301, sysdate, 'EVERYONE', null, null, null, null);
commit;

insert into G3E_LEGENDENTRY (G3E_LENO, G3E_LEGENDENTRY, G3E_USERNAME, G3E_VNO, G3E_SRNO, G3E_LRNO, G3E_EDITDATE, G3E_ROLE, G3E_LAYERNAME, G3E_LOCALECOMMENT, G3E_TRANSLUCENCY, G3E_FILLTRANSLUCENCY)
values (723401, 'VGC_FCBLCNT_TL_T', 'Fiber Cable Count TL Geo Label', 7234, 723401, 723401, sysdate, 'EVERYONE', null, null, null, null);
commit;

insert into G3E_LEGENDENTRY (G3E_LENO, G3E_LEGENDENTRY, G3E_USERNAME, G3E_VNO, G3E_SRNO, G3E_LRNO, G3E_EDITDATE, G3E_ROLE, G3E_LAYERNAME, G3E_LOCALECOMMENT, G3E_TRANSLUCENCY, G3E_FILLTRANSLUCENCY)
values (723501, 'VDGC_FCBLCNT_TL_T', 'Fiber Cable Count TL Detail Label', 7235, 723501, 723501, sysdate, 'EVERYONE', null, null, null, null);
commit;

--Aps inserir na g3e_legendentry fazer update do g3e_leno na g3e_componentviewdefinition
update G3E_COMPONENTVIEWDEFINITION set G3E_LENO = 723201 where g3e_vno = 7232;
commit;

update G3E_COMPONENTVIEWDEFINITION set G3E_LENO = 723301 where g3e_vno = 7233;
commit;

update G3E_COMPONENTVIEWDEFINITION set G3E_LENO = 723401 where g3e_vno = 7234;
commit;

update G3E_COMPONENTVIEWDEFINITION set G3E_LENO = 723501 where g3e_vno = 7235;
commit;

--Ajustar os g3e_ordinal
update g3e_leggeo_defdsp set g3e_ordinal = g3e_ordinal + 2 where g3e_ordinal > 151;
commit;

--Inserir na g3e_leggeo_defdsp
insert into G3E_LEGGEO_DEFDSP (G3E_LEGENDITEM, G3E_USERNAME, G3E_LEVEL, G3E_ORDINAL, G3E_LEAFINDICATOR, G3E_EDITDATE, G3E_DCROWNO, G3E_LOCALECOMMENT, G3E_ROLE)
values ('VGC_FCBLCNT_BL_T', 'Fiber Cable Count BL Geo Label', 3, 152, 1, sysdate, 488, null, null);
commit;

insert into G3E_LEGGEO_DEFDSP (G3E_LEGENDITEM, G3E_USERNAME, G3E_LEVEL, G3E_ORDINAL, G3E_LEAFINDICATOR, G3E_EDITDATE, G3E_DCROWNO, G3E_LOCALECOMMENT, G3E_ROLE)
values ('VGC_FCBLCNT_TL_T', 'Fiber Cable Count TL Geo Label', 3, 153, 1, sysdate, 489, null, null);
commit;

--Inserir na g3e_leggeo_default
insert into G3E_LEGGEO_DEFAULT (G3E_LENO, G3E_FILTER, G3E_DISPLAYORDINAL, G3E_EDITDATE)
values (723201, null, 1, sysdate);
commit;

insert into G3E_LEGGEO_DEFAULT (G3E_LENO, G3E_FILTER, G3E_DISPLAYORDINAL, G3E_EDITDATE)
values (723401, null, 1, sysdate);
commit;

--Atualizar a g3e_leggeo_defau
UPDATE G3E_LEGGEO_DEFAU SET G3E_DISPLAYSCALEMAX = 1200 WHERE G3E_LENO in (723201, 723401);
COMMIT;

--Ajustar os g3e_ordinal
update g3e_legdet_defdsp set g3e_ordinal = g3e_ordinal + 2 where g3e_ordinal > 87;
commit;

--Inserir na g3e_legdet_defdsp
insert into G3E_LEGDET_DEFDSP (G3E_LEGENDITEM, G3E_USERNAME, G3E_LEVEL, G3E_ORDINAL, G3E_LEAFINDICATOR, G3E_EDITDATE, G3E_DCROWNO, G3E_LOCALECOMMENT, G3E_ROLE)
values ('VDGC_FCBLCNT_BL_T', 'Fiber Cable Count BL Detail Label', 3, 88, 1, sysdate, 488, null, null);
commit;

insert into G3E_LEGDET_DEFDSP (G3E_LEGENDITEM, G3E_USERNAME, G3E_LEVEL, G3E_ORDINAL, G3E_LEAFINDICATOR, G3E_EDITDATE, G3E_DCROWNO, G3E_LOCALECOMMENT, G3E_ROLE)
values ('VDGC_FCBLCNT_TL_T', 'Fiber Cable Count TL Detail Label', 3, 89, 1, sysdate, 489, null, null);
commit;

--Inserir na g3e_legdet_default
insert into G3E_LEGDET_DEFAULT (G3E_LENO, G3E_FILTER, G3E_DISPLAYORDINAL, G3E_EDITDATE)
values (723301, null, 1, sysdate);
commit;

insert into G3E_LEGDET_DEFAULT (G3E_LENO, G3E_FILTER, G3E_DISPLAYORDINAL, G3E_EDITDATE)
values (723501, null, 1, sysdate);
commit;

--Atualizar a g3e_legdet_defau
UPDATE G3E_LEGDET_DEFAU SET G3E_DISPLAYSCALEMAX = 1200 WHERE G3E_LENO in (723301, 723501);
COMMIT;

--Inserir na g3e_dialog
insert into g3e_dialog(G3E_DROWNO, G3E_DNO, G3E_TYPE, G3E_FNO, G3E_ORDINAL, G3E_FILTER, G3E_DTNO, G3E_EDITDATE)
values (720155, 7201, 'Placement', 7200, 55, null, 5501, sysdate);
commit;

insert into g3e_dialog (G3E_DROWNO, G3E_DNO, G3E_TYPE, G3E_FNO, G3E_ORDINAL, G3E_FILTER, G3E_DTNO, G3E_EDITDATE)
values (720255, 7202, 'Edit', 7200, 55, null, 5502, sysdate);
commit;

insert into g3e_dialog (G3E_DROWNO, G3E_DNO, G3E_TYPE, G3E_FNO, G3E_ORDINAL, G3E_FILTER, G3E_DTNO, G3E_EDITDATE)
values (720355, 7203, 'Review', 7200, 55, null, 5503, sysdate);
commit;

--Inserir na g3e_paircount
insert into g3e_paircount (G3E_PCNO, G3E_PARAMETER, G3E_VALUE, G3E_EDITDATE, G3E_MESSAGE, G3E_LOCALECOMMENT)
values (35, 'G3E_COLLAPSERIPPLEDCOUNTS', '0', sysdate, null, null);
commit;

insert into g3e_paircount (G3E_PCNO, G3E_PARAMETER, G3E_VALUE, G3E_EDITDATE, G3E_MESSAGE, G3E_LOCALECOMMENT)
values (36, 'G3E_SPECIAL_INDICATOR', 'VAC,LIBRE,SP,LIB,RES,Reserved,Rserv,UKN,INC,NC,SN', sysdate, null, null);
commit;
