SET echo ON;

SPOOL TUP.log;

----------------------------------------------------------------------------------------------------------
--   PASSO 1: Criação das tabelas utilizadas pela feature. Devemos ter uma tabela para cada componente 
-- dessa feature. No caso do TUP, terá apenas 3 componentes: o de atributos, o de
-- símbolo MUB e o de texto MUB. Cada tipo de componente deve ter campos apropriados para o papel que representa e pelo
-- menos os campos G3E_ID, G3E_FNO, G3E_CNO, G3E_FID e G3E_CID
----------------------------------------------------------------------------------------------------------

--   Criando tabela de atributos da TUP. Os 5 primeiros campos são obrigatórios e os demais
-- fazem parte dos aributos da feature 


CREATE TABLE GC_TUP
(
  G3E_ID        NUMBER(10)                      NOT NULL,
  G3E_FNO       NUMBER(5)                       NOT NULL,
  G3E_FID       NUMBER(10)                      NOT NULL,
  G3E_CNO       NUMBER(5)                       NOT NULL,
  G3E_CID       NUMBER(10)                      NOT NULL,
  IDENTIFICACAO VARCHAR2(50),
  ENDERECO   	VARCHAR2(100),
  COMENTARIO    VARCHAR2(100),
  OBRA  		VARCHAR2(50)
);

 
--   Criando tabela da simbologia MUB da TUP. Padrão para todas as features
CREATE TABLE GC_TUP_S
(
  G3E_ID        NUMBER(10)                      NOT NULL,
  G3E_FNO       NUMBER(5)                       NOT NULL,
  G3E_FID       NUMBER(10)                      NOT NULL,
  G3E_CNO       NUMBER(5)                       NOT NULL,
  G3E_CID       NUMBER(10)                      NOT NULL,
  G3E_GEOMETRY  CHAR(1 BYTE)
);



--   Criando tabela do texto MUB da TUP. Padrão para todas as features
CREATE TABLE GC_TUP_T
(
  G3E_ID         NUMBER(10),
  G3E_FNO        NUMBER(5),
  G3E_FID        NUMBER(10),
  G3E_CNO        NUMBER(5),
  G3E_CID        NUMBER(10),
  G3E_GEOMETRY   CHAR(1 BYTE),
  G3E_ALIGNMENT  NUMBER(5)
);
  
    
----------------------------------------------------------------------------------------------------------
--   PASSO 2: Criar as tabelas SDOGEOM para cada um dos componentes gráficos criados. Essa função recebe 
-- 2 parâmetros: o nome da tabela do componente gráfico e o número de pares X, Y que ele terá. Neste caso,
-- o símbolo e texto são representados por um ponto e precisam de apenas 1 par X, Y 
----------------------------------------------------------------------------------------------------------
Execute g3e_metadata.createsdotable('GC_TUP_S',1);
Execute g3e_metadata.createsdotable('GC_TUP_T',1);

----------------------------------------------------------------------------------------------------------
--   PASSO 3: Registrar os componentes criados na tabela de definição de componentes 
----------------------------------------------------------------------------------------------------------

--  Componente de Atributos
INSERT INTO G3E_COMPONENT ( G3E_CNO, G3E_USERNAME, G3E_NAME, G3E_TOOLTIP, G3E_TYPE, G3E_TABLE,
G3E_DETAIL, G3E_ALIGNMENTFIELD, G3E_DCNO, G3E_EDITDATE, G3E_DTNO, G3E_GEOMETRYFIELD,
G3E_GEOMETRYTYPE, G3E_SUBSETATTRIBUTE, G3E_SUBTYPE, G3E_LOCALECOMMENT, G3E_LRNO,
G3E_PARTITIONATTRIBUTE ) VALUES ( 
13001, 'Atributos do TUP', 'GC_TUP', 'Atributos do TUP', 1, 'GC_TUP', 0
, NULL, 31, SYSDATE, NULL, NULL, NULL, NULL, NULL, NULL, NULL, NULL); 

--  Componente de Simbolo MUB 
INSERT INTO G3E_COMPONENT ( G3E_CNO, G3E_USERNAME, G3E_NAME, G3E_TOOLTIP, G3E_TYPE, G3E_TABLE,
G3E_DETAIL, G3E_ALIGNMENTFIELD, G3E_DCNO, G3E_EDITDATE, G3E_DTNO, G3E_GEOMETRYFIELD,
G3E_GEOMETRYTYPE, G3E_SUBSETATTRIBUTE, G3E_SUBTYPE, G3E_LOCALECOMMENT, G3E_LRNO,
G3E_PARTITIONATTRIBUTE ) VALUES ( 
13020, 'Símbolo MUB do TUP', 'GC_TUP_S', 'Símbolo MUB do TUP', 16, 'GC_TUP_S', 0,
NULL, 31, SYSDATE, NULL, 'G3E_GEOMETRY', 'OrientedPointGeometry', NULL, NULL, NULL, NULL, NULL); 

--  Componente de Texto MUB 
INSERT INTO G3E_COMPONENT ( G3E_CNO, G3E_USERNAME, G3E_NAME, G3E_TOOLTIP, G3E_TYPE, G3E_TABLE,
G3E_DETAIL, G3E_ALIGNMENTFIELD, G3E_DCNO, G3E_EDITDATE, G3E_DTNO, G3E_GEOMETRYFIELD,
G3E_GEOMETRYTYPE, G3E_SUBSETATTRIBUTE, G3E_SUBTYPE, G3E_LOCALECOMMENT, G3E_LRNO,
G3E_PARTITIONATTRIBUTE ) VALUES ( 
13030, 'Texto MUB do TUP', 'GC_TUP_T', 'Texto MUB do TUP', 1024, 'GC_TUP_T', 0, 
'G3E_ALIGNMENT', 31, SYSDATE, NULL, 'G3E_GEOMETRY', 'TextPointGeometry', NULL, NULL, NULL, NULL, NULL); 


COMMIT;



----------------------------------------------------------------------------------------------------------
--   PASSO 4: Registrar a nova feature na tabela de definição de features
----------------------------------------------------------------------------------------------------------
INSERT INTO G3E_FEATURE ( G3E_FNO, G3E_USERNAME, G3E_TOOLTIP, G3E_PRIMARYGEOGRAPHICCNO,
G3E_PRIMARYATTRIBUTECNO, G3E_DCNO, G3E_PRIMARYDETAILCNO, G3E_EDITDATE, G3E_NUMBEROFNODES,
G3E_IMPORTFEATURENAME, G3E_REPLACE, G3E_NAME, G3E_LOCALECOMMENT, G3E_MERGE, G3E_CLASSIFICATIONANO,
G3E_IDENTIFIERVIEW, G3E_BULKEDIT, G3E_ICONORDINAL, G3E_EDITROLE, G3E_SELECTROLE, G3E_DELETEROLE,
G3E_RINO, G3E_RIARGGROUPNO ) VALUES ( 
13000, 'TUP', 'TUP', 13020, 13001, 31, NULL, SYSDATE
, 1, NULL, 0, NULL, NULL, 1, NULL, NULL, 0, NULL, 'EVERYONE', 'EVERYONE', 'EVERYONE'
, NULL, NULL); 

COMMIT;

----------------------------------------------------------------------------------------------------------
--   PASSO 5: Associar os componentes à nova feature. Deve-se associar não só os componentes criados para
-- essa feature, mas também os componentes comuns
-- números dos comp. comuns:    select * from g3e_component where g3e_cno between 1 and 100
----------------------------------------------------------------------------------------------------------

-- Comuns
INSERT INTO G3E_FEATURECOMPONENT ( G3E_FCNO, G3E_FNO, G3E_CNO, G3E_REQUIRED, G3E_REPEATING, G3E_AUTOREPEAT,
 G3E_PINO, G3E_ORDINAL, G3E_INSERTORDINAL, G3E_DELETEORDINAL, G3E_REFRESH, G3E_REPLACE, G3E_BREAKACTION,
 G3E_COMPONENTELIMINATION, G3E_COMPONENTASSIGNMENT, G3E_COMPONENTADJUSTMENT, G3E_GEOPROXIMITYTOLERANCE,
 G3E_ALTERNATEGEOGRAPHIC, G3E_ALTERNATEGEOORDINAL, G3E_INCLUDEINPLACEMENT, G3E_MERGEOCCURRENCES, G3E_GENERATE)
VALUES (13051, 13000, 51, 1, 0, 0, 7, 1, 1, 18, 0, 1, 1, 3, 4, 3, 1, 0, 0, 1, 1, 0);
  
-- Atributos  
INSERT INTO G3E_FEATURECOMPONENT ( G3E_FCNO, G3E_FNO, G3E_CNO, G3E_REQUIRED, G3E_REPEATING,
G3E_AUTOREPEAT, G3E_PINO, G3E_ORDINAL, G3E_INTERFACEARGUMENT, G3E_DERIVEDFROMCNO, G3E_INSERTORDINAL,
G3E_DELETEORDINAL, G3E_EDITDATE, G3E_REFRESH, G3E_ALTERNATEREQUIREDCNO, G3E_REPLACE,
G3E_BREAKACTION, G3E_COMPONENTELIMINATION, G3E_COMPONENTASSIGNMENT, G3E_COMPONENTADJUSTMENT,
G3E_GEOPROXIMITYTOLERANCE, G3E_BREAKLINEARCNO, G3E_ALTERNATEGEOGRAPHIC, G3E_ALTERNATEGEOORDINAL,
G3E_RINO, G3E_RIARGGROUPNO, G3E_INCLUDEINPLACEMENT, G3E_MERGEMAXDISTANCE, G3E_MERGECOMMONPRECOND,
G3E_MERGEPRECOND, G3E_MERGEOCCURRENCES, G3E_MERGERINO, G3E_MERGERIARGGROUPNO, G3E_CCNO,
G3E_GENERATE ) VALUES ( 
13001, 13000, 13001, 1, 0, 0, 7, 11, NULL, NULL, 11, 8, SYSDATE
, 0, NULL, 0, 1, 3, 1, 3, NULL, NULL, 0, 0, NULL, NULL, 1, NULL, NULL, NULL, 1, NULL, NULL, NULL, 0); 

-- Simbolo
INSERT INTO G3E_FEATURECOMPONENT ( G3E_FCNO, G3E_FNO, G3E_CNO, G3E_REQUIRED, G3E_REPEATING,
G3E_AUTOREPEAT, G3E_PINO, G3E_ORDINAL, G3E_INTERFACEARGUMENT, G3E_DERIVEDFROMCNO, G3E_INSERTORDINAL,
G3E_DELETEORDINAL, G3E_EDITDATE, G3E_REFRESH, G3E_ALTERNATEREQUIREDCNO, G3E_REPLACE,
G3E_BREAKACTION, G3E_COMPONENTELIMINATION, G3E_COMPONENTASSIGNMENT, G3E_COMPONENTADJUSTMENT,
G3E_GEOPROXIMITYTOLERANCE, G3E_BREAKLINEARCNO, G3E_ALTERNATEGEOGRAPHIC, G3E_ALTERNATEGEOORDINAL,
G3E_RINO, G3E_RIARGGROUPNO, G3E_INCLUDEINPLACEMENT, G3E_MERGEMAXDISTANCE, G3E_MERGECOMMONPRECOND,
G3E_MERGEPRECOND, G3E_MERGEOCCURRENCES, G3E_MERGERINO, G3E_MERGERIARGGROUPNO, G3E_CCNO,
G3E_GENERATE ) VALUES ( 
13020, 13000, 13020, 1, 0, 0, 7, 12, NULL, NULL, 12, 7, SYSDATE
, 0, NULL, 0, 1, 3, 1, 3, NULL, NULL, 0, 0, NULL, NULL, 1, NULL, NULL, NULL, 1, NULL, NULL, NULL, 0); 

-- Texto
INSERT INTO G3E_FEATURECOMPONENT ( G3E_FCNO, G3E_FNO, G3E_CNO, G3E_REQUIRED, G3E_REPEATING,
G3E_AUTOREPEAT, G3E_PINO, G3E_ORDINAL, G3E_INTERFACEARGUMENT, G3E_DERIVEDFROMCNO, G3E_INSERTORDINAL,
G3E_DELETEORDINAL, G3E_EDITDATE, G3E_REFRESH, G3E_ALTERNATEREQUIREDCNO, G3E_REPLACE,
G3E_BREAKACTION, G3E_COMPONENTELIMINATION, G3E_COMPONENTASSIGNMENT, G3E_COMPONENTADJUSTMENT,
G3E_GEOPROXIMITYTOLERANCE, G3E_BREAKLINEARCNO, G3E_ALTERNATEGEOGRAPHIC, G3E_ALTERNATEGEOORDINAL,
G3E_RINO, G3E_RIARGGROUPNO, G3E_INCLUDEINPLACEMENT, G3E_MERGEMAXDISTANCE, G3E_MERGECOMMONPRECOND,
G3E_MERGEPRECOND, G3E_MERGEOCCURRENCES, G3E_MERGERINO, G3E_MERGERIARGGROUPNO, G3E_CCNO,
G3E_GENERATE ) VALUES ( 
13030, 13000, 13030, 1, 0, 0, 7, 13, NULL, NULL, 13, 6, SYSDATE
, 0, NULL, 0, 1, 3, 1, 3, NULL, NULL, 0, 0, NULL, NULL, 1, NULL, NULL, NULL, 1, NULL, NULL, NULL, 0); 

COMMIT;


----------------------------------------------------------------------------------------------------------
--   PASSO 6: Criar as views para os componentes gráficos criados, uma para cada
----------------------------------------------------------------------------------------------------------

-- View MUB do símbolo
CREATE OR REPLACE VIEW VGC_TUP_S
(G3E_ID, G3E_FNO, G3E_CNO, G3E_FID, G3E_CID, G3E_GEOMETRY,
IDENTIFICACAO, ENDERECO, COMENTARIO, OBRA,
JOB_ID, JOB_STATE, FEATURE_STATE, SWITCH_CENTRE_CLLI, OWNERSHIP)
AS 
SELECT
B.G3E_ID,
B.G3E_FNO,
B.G3E_CNO, 
B.G3E_FID, 
B.G3E_CID, 
B.G3E_GEOMETRY, 
A.IDENTIFICACAO ,A.OBRA, A.ENDERECO, A.COMENTARIO,
D.JOB_ID,
D.JOB_STATE,
D.FEATURE_STATE,
D.SWITCH_CENTRE_CLLI,
D.OWNERSHIP
FROM 
GC_TUP A,
GC_TUP_S B, 
GC_NETELEM D
WHERE 
D.G3E_FNO=13000 AND 
A.G3E_FID=B.G3E_FID AND A.G3E_FID=D.G3E_FID;


-- view do texto MUB
CREATE OR REPLACE VIEW VGC_TUP_T
(G3E_ID, G3E_FNO, G3E_CNO, G3E_FID, G3E_CID, G3E_GEOMETRY, G3E_ALIGNMENT,
 IDENTIFICACAO, ENDERECO, COMENTARIO, OBRA,
 JOB_ID, JOB_STATE, FEATURE_STATE, SWITCH_CENTRE_CLLI, OWNERSHIP)
AS 
SELECT 
B.G3E_ID,
B.G3E_FNO,
B.G3E_CNO,
B.G3E_FID,
B.G3E_CID,
B.G3E_GEOMETRY,
B.G3E_ALIGNMENT,
A.IDENTIFICACAO ,A.OBRA, A.ENDERECO, A.COMENTARIO,
D.JOB_ID,
D.JOB_STATE,
D.FEATURE_STATE,
D.SWITCH_CENTRE_CLLI,
D.OWNERSHIP
FROM
GC_TUP A,
GC_TUP_T B,
GC_NETELEM D
WHERE
D.G3E_FNO=13000 AND
A.G3E_FID=B.G3E_FID AND A.G3E_FID=D.G3E_FID;


----------------------------------------------------------------------------------------------------------
--   PASSO 7: Criar a definição da view, inserindo uma linha na tabela para cada view (componente) criada 
----------------------------------------------------------------------------------------------------------

INSERT INTO G3E_COMPONENTVIEWDEFINITION ( G3E_VNO, G3E_VIEW, G3E_FNO, G3E_CNO, G3E_LENO, G3E_FIELDS,
G3E_EDITDATE, G3E_ATTRAFFECTSMEMBERSHIP )
VALUES (13020, 'VGC_TUP_S', 13000, 13020, NULL, NULL, SYSDATE, 0); 


INSERT INTO G3E_COMPONENTVIEWDEFINITION ( G3E_VNO, G3E_VIEW, G3E_FNO, G3E_CNO, G3E_LENO, G3E_FIELDS,
G3E_EDITDATE, G3E_ATTRAFFECTSMEMBERSHIP )
VALUES (13030, 'VGC_TUP_T', 13000, 13030, NULL, NULL, SYSDATE, 0); 


COMMIT;


----------------------------------------------------------------------------------------------------------
--   PASSO 8: Definir a composição da view (1 para cada componente das tabelas utilizadas na view)
----------------------------------------------------------------------------------------------------------

-- View do símbolo MUB
INSERT INTO G3E_COMPONENTVIEWCOMPOSITION ( G3E_CVCNO, G3E_VNO, G3E_CNO, G3E_FNO )
VALUES (1302020, 13020, 13020, 13000); 

INSERT INTO G3E_COMPONENTVIEWCOMPOSITION ( G3E_CVCNO, G3E_VNO, G3E_CNO, G3E_FNO )
VALUES (1302001, 13020, 13001, 13000); 

INSERT INTO G3E_COMPONENTVIEWCOMPOSITION ( G3E_CVCNO, G3E_VNO, G3E_CNO, G3E_FNO )
VALUES (1302051, 13020, 51, 13000); 


-- View do texto MUB
INSERT INTO G3E_COMPONENTVIEWCOMPOSITION ( G3E_CVCNO, G3E_VNO, G3E_CNO, G3E_FNO )
VALUES (1303030, 13030, 13030, 13000); 

INSERT INTO G3E_COMPONENTVIEWCOMPOSITION ( G3E_CVCNO, G3E_VNO, G3E_CNO, G3E_FNO )
VALUES (1303001, 13030, 13001, 13000); 

INSERT INTO G3E_COMPONENTVIEWCOMPOSITION ( G3E_CVCNO, G3E_VNO, G3E_CNO, G3E_FNO )
VALUES (1303051, 13030, 51, 13000); 


COMMIT;



----------------------------------------------------------------------------------------------------------
--   PASSO 9: Popular a tabela g3e_column_metadata com os tipos corretos. Acrescentar uma entrada para a
-- tabela e outra para a view. Abaixo segue a lista de valores possíveis para o campo COLUMNSUBTYPE:
-- 1   =    (line) if the component is type SpatialLine, GraphicLine or Dimension
-- 2   =    (area) if the component is type SpatialArea or GraphicArea
-- 3   =    (any spatial) if the component is type SpatialAny or GraphicAny
-- 4   =    (raster) if the component is type SpatialCoverage
-- 10  =    (point) if the component is type SpatialPoint, GraphicPoint, or GraphicsText

-- O campo SDOORDCNT deve ser preenchido com o número de colunas (X e Y) usadas na geometria
----------------------------------------------------------------------------------------------------------

-- Símbolo MUB
INSERT INTO G3E_COLUMN_METADATA ( TABLENAME, COLUMNNAME, COLUMNTYPE, COLUMNSUBTYPE, ATTRIBUTES, GEOMETRYFORMAT,
 SDOORDCNT, SDOESEQ, COORDSYSTEMINDEX ) 
VALUES ('GC_TUP_S', 'G3E_GEOMETRY', 32, 10, NULL, NULL, 2, NULL, NULL); 

INSERT INTO G3E_COLUMN_METADATA ( TABLENAME, COLUMNNAME, COLUMNTYPE, COLUMNSUBTYPE, ATTRIBUTES, GEOMETRYFORMAT,
 SDOORDCNT, SDOESEQ, COORDSYSTEMINDEX ) 
VALUES ('VGC_TUP_S', 'G3E_GEOMETRY', 32, 10, NULL, NULL, 2, NULL, NULL); 

-- Texto MUB
INSERT INTO G3E_COLUMN_METADATA ( TABLENAME, COLUMNNAME, COLUMNTYPE, COLUMNSUBTYPE, ATTRIBUTES, GEOMETRYFORMAT,
 SDOORDCNT, SDOESEQ, COORDSYSTEMINDEX ) 
VALUES ('GC_TUP_T', 'G3E_GEOMETRY', 32, 10, NULL, NULL, 2, NULL, NULL); 

INSERT INTO G3E_COLUMN_METADATA ( TABLENAME, COLUMNNAME, COLUMNTYPE, COLUMNSUBTYPE, ATTRIBUTES, GEOMETRYFORMAT,
 SDOORDCNT, SDOESEQ, COORDSYSTEMINDEX ) 
VALUES ('VGC_TUP_T', 'G3E_GEOMETRY', 32, 10, NULL, NULL, 2, NULL, NULL); 


COMMIT;




----------------------------------------------------------------------------------------------------------
--   PASSO 10: Popular a tabela g3e_LTTTABLE (Identifies the tables to which to apply long-term transaction (LTT) tracking)
----------------------------------------------------------------------------------------------------------
INSERT INTO G3E_LTTTABLE ( G3E_LTTNO, G3E_TABLE) 
VALUES ((select max(G3E_LTTNO)+1 from G3E_LTTTABLE),'GC_TUP');

INSERT INTO G3E_LTTTABLE ( G3E_LTTNO, G3E_TABLE)
VALUES ((select max(G3E_LTTNO)+1 from G3E_LTTTABLE),'GC_TUP_S');

INSERT INTO G3E_LTTTABLE ( G3E_LTTNO, G3E_TABLE)
VALUES ((select max(G3E_LTTNO)+1 from G3E_LTTTABLE),'GC_TUP_T');


COMMIT;



----------------------------------------------------------------------------------------------------------
--   PASSO 11: Popular a tabela MODIFIEDTABLES (Views e tabelas dos componentes)
-- MODIFIEDTABLES:
-- Every component table in the model must have an entry with a unique MODIFIEDTABLEID. 
-- Component views must also have entries as the client uses these for display.
----------------------------------------------------------------------------------------------------------

-- Atributos
INSERT INTO MODIFIEDTABLES ( MODIFIEDTABLEID, TABLENAME)
VALUES ((select max(MODIFIEDTABLEID)+1 from MODIFIEDTABLES),'GC_TUP');

-- Símbolo MUB
INSERT INTO MODIFIEDTABLES ( MODIFIEDTABLEID, TABLENAME) 
VALUES ((select max(MODIFIEDTABLEID)+1 from MODIFIEDTABLES),'GC_TUP_S');

INSERT INTO MODIFIEDTABLES ( MODIFIEDTABLEID, TABLENAME) 
VALUES ((select max(MODIFIEDTABLEID)+1 from MODIFIEDTABLES),'VGC_TUP_S');


-- Texto MUB
INSERT INTO MODIFIEDTABLES ( MODIFIEDTABLEID, TABLENAME) 
VALUES ((select max(MODIFIEDTABLEID)+1 from MODIFIEDTABLES),'GC_TUP_T');

INSERT INTO MODIFIEDTABLES ( MODIFIEDTABLEID, TABLENAME) 
VALUES ((select max(MODIFIEDTABLEID)+1 from MODIFIEDTABLES),'VGC_TUP_T');


COMMIT;


----------------------------------------------------------------------------------------------------------
--   PASSO 12: Executar scripts de criação das tabelas e views otimizadas
----------------------------------------------------------------------------------------------------------
execute MG3ElanguageSubTableUtils.SynchronizeSubTables;
execute MG3EConfiguration.SetConfiguration('BRT');
execute MG3EOTCreateOptimizedTables;
execute MG3ECreateOptableViews;


----------------------------------------------------------------------------------------------------------
--   PASSO 13: Executar scripts de instalação da tabela. Cria as tabelas B$ e as triggers LTT, juntamente
-- com as tabelas _TMP
----------------------------------------------------------------------------------------------------------

-- Setar IgnoreSubsettingForLTT para contornar BUG da versão 9.40.3102 (atual da OI). Depois deve-se desabilita-lo.
execute gc_compileinvalidobjects;
update G3E_GENERALPARAMETER set G3E_VALUE='1' where G3E_NAME='IgnoreSubsettingForLTT';
update G3E_GENERALPARAMETER_OPTABLE set G3E_VALUE='1' where G3E_NAME='IgnoreSubsettingForLTT';

execute G3EOneTable.InstallOneTable('GC_TUP',0);
execute G3EOneTable.InstallOneTable('GC_TUP_S',1);
execute G3EOneTable.InstallOneTable('GC_TUP_T',1);

update G3E_GENERALPARAMETER set G3E_VALUE='0' where G3E_NAME='IgnoreSubsettingForLTT';
update G3E_GENERALPARAMETER_OPTABLE set G3E_VALUE='0' where G3E_NAME='IgnoreSubsettingForLTT';

COMMIT;


----------------------------------------------------------------------------------------------------------
--   PASSO 14: Instalar a view do componente e a view SDOGEOM no banco. Uma para cada componente gráfico
----------------------------------------------------------------------------------------------------------
execute create_component_view.create_geom_component_view ('VGC_TUP_S','GC_TUP_S');
execute create_component_view.create_geom_component_view ('VGC_TUP_T','GC_TUP_T');

----------------------------------------------------------------------------------------------------------
--   PASSO 15: Executar os scripts abaixo para deixar as views disponíveis para os usuários
----------------------------------------------------------------------------------------------------------
execute LTT_Role.Create_LTT_View_Synonym;
execute LTT_Role.Create_Component_View_Synonym;
execute LTT_Role.Grant_Privs_To_Role; 

----------------------------------------------------------------------------------------------------------
--   PASSO 19: Definir os estilos nas tabelas g3e_pointstyle para pontos, g3e_linestye para linhas e 
-- g3e_areastyle para áreas
----------------------------------------------------------------------------------------------------------

-- Símbolo MUB
INSERT INTO G3E_POINTSTYLE (G3E_SNO, G3E_USERNAME, G3E_COLOR, G3E_FONTNAME, G3E_SYMBOL, G3E_SIZE, G3E_USEMASK,
G3E_ALIGNMENT, G3E_PLOTREDLINE) 
 values (1300001, 'TUP Símbolo MUB A Incluir', 255, 'BRT_Simbolo_Geral', 'L', 25, 0, 0, 1);
 
INSERT INTO G3E_POINTSTYLE (G3E_SNO, G3E_USERNAME, G3E_COLOR, G3E_FONTNAME, G3E_SYMBOL, G3E_SIZE, G3E_USEMASK,
 G3E_ALIGNMENT, G3E_PLOTREDLINE)
values (1300002, 'TUP Símbolo MUB A Retirar', 16711935, 'BRT_Simbolo_Geral', 'Z', 25, 0, 0, 1);

INSERT INTO G3E_POINTSTYLE (G3E_SNO, G3E_USERNAME, G3E_COLOR, G3E_FONTNAME, G3E_SYMBOL, G3E_SIZE, G3E_USEMASK,
G3E_ALIGNMENT, G3E_PLOTREDLINE) 
values (1300003, 'TUP Símbolo MUB Existente', 4194304, 'BRT_Simbolo_Geral', 'L', 25, 0, 0, 1);

INSERT INTO G3E_POINTSTYLE (G3E_SNO, G3E_USERNAME, G3E_COLOR, G3E_FONTNAME, G3E_SYMBOL, G3E_SIZE, G3E_USEMASK,
G3E_ALIGNMENT, G3E_PLOTREDLINE) 
values (1300004, 'TUP Símbolo MUB Removido', 33023, 'BRT_Simbolo_Geral', 'Z', 25, 0, 0, 1);

INSERT INTO G3E_POINTSTYLE (G3E_SNO, G3E_USERNAME, G3E_COLOR, G3E_FONTNAME, G3E_SYMBOL, G3E_SIZE, G3E_USEMASK,
G3E_ALIGNMENT, G3E_PLOTREDLINE) 
values (1300005, 'TUP Símbolo MUB Instalado', 16744448, 'BRT_Simbolo_Geral', 'L', 25, 0, 0, 1);


INSERT INTO G3E_TEXTSTYLE (G3E_SNO, G3E_USERNAME, G3E_COLOR, G3E_FONTNAME, G3E_FONTBOLD, G3E_FONTITALIC, G3E_FONTSTRIKETHROUGH, G3E_FONTUNDERLINE, G3E_FONTWEIGHT, G3E_SIZE, G3E_TEXTBOX, G3E_TEXTBOXFILLCOLOR, G3E_TEXTBOXFILLTYPE, G3E_TEXTBOXFRAME, G3E_TEXTBOXFRAMECOLOR, G3E_TEXTBOXFRAMEWIDTH, G3E_PLOTREDLINE, G3E_EDITDATE, G3E_JUSTIFICATION, G3E_UNDERLINESNO, G3E_LEFTTEXTBOXOFFSET, G3E_RIGHTTEXTBOXOFFSET, G3E_TOPTEXTBOXOFFSET, G3E_BOTTOMTEXTBOXOFFSET) 
values (1300006, 'TUP A Incluir', 255, 'Arial', 0, 0, 0, 0, 400, 12, 0, -2, 0, 1, 0, 2.834652, 1, sysdate, 1, null, .22, .22, .22, .22);

INSERT INTO G3E_TEXTSTYLE (G3E_SNO, G3E_USERNAME, G3E_COLOR, G3E_FONTNAME, G3E_FONTBOLD, G3E_FONTITALIC, G3E_FONTSTRIKETHROUGH, G3E_FONTUNDERLINE, G3E_FONTWEIGHT, G3E_SIZE, G3E_TEXTBOX, G3E_TEXTBOXFILLCOLOR, G3E_TEXTBOXFILLTYPE, G3E_TEXTBOXFRAME, G3E_TEXTBOXFRAMECOLOR, G3E_TEXTBOXFRAMEWIDTH, G3E_PLOTREDLINE, G3E_EDITDATE, G3E_JUSTIFICATION, G3E_UNDERLINESNO, G3E_LEFTTEXTBOXOFFSET, G3E_RIGHTTEXTBOXOFFSET, G3E_TOPTEXTBOXOFFSET, G3E_BOTTOMTEXTBOXOFFSET) 
values (1300007, 'TUP A Retirar', 16711935, 'Arial', 0, 0, 0, 0, 400, 12, 0, -2, 0, 1, 0, 2.834652, 1, sysdate, 1, null, .22, .22, .22, .22);

INSERT INTO G3E_TEXTSTYLE (G3E_SNO, G3E_USERNAME, G3E_COLOR, G3E_FONTNAME, G3E_FONTBOLD, G3E_FONTITALIC, G3E_FONTSTRIKETHROUGH, G3E_FONTUNDERLINE, G3E_FONTWEIGHT, G3E_SIZE, G3E_TEXTBOX, G3E_TEXTBOXFILLCOLOR, G3E_TEXTBOXFILLTYPE, G3E_TEXTBOXFRAME, G3E_TEXTBOXFRAMECOLOR, G3E_TEXTBOXFRAMEWIDTH, G3E_PLOTREDLINE, G3E_EDITDATE, G3E_JUSTIFICATION, G3E_UNDERLINESNO, G3E_LEFTTEXTBOXOFFSET, G3E_RIGHTTEXTBOXOFFSET, G3E_TOPTEXTBOXOFFSET, G3E_BOTTOMTEXTBOXOFFSET) 
values (1300008, 'TUP Existente', 4194304, 'Arial', 0, 0, 0, 0, 400, 12, 0, -2, 0, 1, 0, 2.834652, 1, sysdate, 1, null, .22, .22, .22, .22);

INSERT INTO G3E_TEXTSTYLE (G3E_SNO, G3E_USERNAME, G3E_COLOR, G3E_FONTNAME, G3E_FONTBOLD, G3E_FONTITALIC, G3E_FONTSTRIKETHROUGH, G3E_FONTUNDERLINE, G3E_FONTWEIGHT, G3E_SIZE, G3E_TEXTBOX, G3E_TEXTBOXFILLCOLOR, G3E_TEXTBOXFILLTYPE, G3E_TEXTBOXFRAME, G3E_TEXTBOXFRAMECOLOR, G3E_TEXTBOXFRAMEWIDTH, G3E_PLOTREDLINE, G3E_EDITDATE, G3E_JUSTIFICATION, G3E_UNDERLINESNO, G3E_LEFTTEXTBOXOFFSET, G3E_RIGHTTEXTBOXOFFSET, G3E_TOPTEXTBOXOFFSET, G3E_BOTTOMTEXTBOXOFFSET) 
values (1300009, 'TUP Removido', 33023, 'Arial', 0, 0, 0, 0, 400, 12, 0, -2, 0, 1, 0, 2.834652, 1, sysdate, 1, null, .22, .22, .22, .22);

INSERT INTO G3E_TEXTSTYLE (G3E_SNO, G3E_USERNAME, G3E_COLOR, G3E_FONTNAME, G3E_FONTBOLD, G3E_FONTITALIC, G3E_FONTSTRIKETHROUGH, G3E_FONTUNDERLINE, G3E_FONTWEIGHT, G3E_SIZE, G3E_TEXTBOX, G3E_TEXTBOXFILLCOLOR, G3E_TEXTBOXFILLTYPE, G3E_TEXTBOXFRAME, G3E_TEXTBOXFRAMECOLOR, G3E_TEXTBOXFRAMEWIDTH, G3E_PLOTREDLINE, G3E_EDITDATE, G3E_JUSTIFICATION, G3E_UNDERLINESNO, G3E_LEFTTEXTBOXOFFSET, G3E_RIGHTTEXTBOXOFFSET, G3E_TOPTEXTBOXOFFSET, G3E_BOTTOMTEXTBOXOFFSET) 
values (1300010, 'TUP Instalado', 16744448, 'Arial', 0, 0, 0, 0, 400, 12, 0, -2, 0, 1, 0, 2.834652, 1, sysdate, 1, null, .22, .22, .22, .22);

COMMIT;


---------------------------------------------------------------------------------------------------------
--   PASSO 20: Definir as regras de estilos na tabela g3e_stylerule fazendo as ligações com as tabelas do
-- item anterior através do campo g3e_sno
----------------------------------------------------------------------------------------------------------

-- Símbolo MUB
INSERT INTO G3E_STYLERULE (G3E_SRROWNO, G3E_SRNO, G3E_RULE, G3E_FILTER, G3E_FILTERORDINAL, G3E_SNO)
VALUES (13000001, 1320001, 'TUP Símbolo MUB', 'FEATURE_STATE=''INC''', 1, 1300001);

INSERT INTO G3E_STYLERULE (G3E_SRROWNO, G3E_SRNO, G3E_RULE, G3E_FILTER, G3E_FILTERORDINAL, G3E_SNO) 
VALUES (13000002, 1320001, 'TUP Símbolo MUB', 'FEATURE_STATE=''RM''', 2, 1300002);

INSERT INTO G3E_STYLERULE (G3E_SRROWNO, G3E_SRNO, G3E_RULE, G3E_FILTER, G3E_FILTERORDINAL, G3E_SNO) 
VALUES (13000003, 1320001, 'TUP Símbolo MUB', 'FEATURE_STATE IN (''EXT'',''EXT_L'')', 3, 1300003);

INSERT INTO G3E_STYLERULE (G3E_SRROWNO, G3E_SRNO, G3E_RULE, G3E_FILTER, G3E_FILTERORDINAL, G3E_SNO) 
VALUES (13000004, 1320001, 'TUP Símbolo MUB', 'FEATURE_STATE=''RMDO''', 4, 1300004);

INSERT INTO G3E_STYLERULE (G3E_SRROWNO, G3E_SRNO, G3E_RULE, G3E_FILTER, G3E_FILTERORDINAL, G3E_SNO) 
VALUES (13000005, 1320001, 'TUP Símbolo MUB', 'FEATURE_STATE=''INST''', 5, 1300005);


INSERT INTO G3E_STYLERULE (G3E_SRROWNO, G3E_SRNO, G3E_RULE, G3E_FILTER, G3E_FILTERORDINAL, G3E_SNO,
G3E_EDITDATE) 
VALUES (13000006, 1320001, 'TUP Símbolo MUB', NULL, 6, 29999, SYSDATE);

-- Texto MUB
INSERT INTO G3E_STYLERULE ( G3E_SRROWNO, G3E_SRNO, G3E_RULE, G3E_FILTER, G3E_FILTERORDINAL, G3E_SNO,
G3E_EDITDATE ) VALUES ( 
13000007, 1330001, 'TUP Texto MUB', 'FEATURE_STATE=''INC''', 1, 1300006, SYSDATE); 

INSERT INTO G3E_STYLERULE ( G3E_SRROWNO, G3E_SRNO, G3E_RULE, G3E_FILTER, G3E_FILTERORDINAL, G3E_SNO,
G3E_EDITDATE ) VALUES ( 
13000008, 1330001, 'TUP Texto MUB', 'FEATURE_STATE=''RM''', 2, 1300007, SYSDATE); 

INSERT INTO G3E_STYLERULE ( G3E_SRROWNO, G3E_SRNO, G3E_RULE, G3E_FILTER, G3E_FILTERORDINAL, G3E_SNO,
G3E_EDITDATE ) VALUES ( 
13000009, 1330001, 'TUP Texto MUB', 'FEATURE_STATE IN (''EXT'',''EXT_L'')', 3, 1300008, SYSDATE); 

INSERT INTO G3E_STYLERULE ( G3E_SRROWNO, G3E_SRNO, G3E_RULE, G3E_FILTER, G3E_FILTERORDINAL, G3E_SNO,
G3E_EDITDATE ) VALUES ( 
13000010, 1330001, 'TUP Texto MUB', 'FEATURE_STATE=''RMDO''', 4, 1300009, SYSDATE); 

INSERT INTO G3E_STYLERULE ( G3E_SRROWNO, G3E_SRNO, G3E_RULE, G3E_FILTER, G3E_FILTERORDINAL, G3E_SNO,
G3E_EDITDATE ) VALUES ( 
13000011, 1330001, 'TUP Texto MUB', 'FEATURE_STATE=''INST''', 5, 1300010, SYSDATE); 

INSERT INTO G3E_STYLERULE ( G3E_SRROWNO, G3E_SRNO, G3E_RULE, G3E_FILTER, G3E_FILTERORDINAL, G3E_SNO,
G3E_EDITDATE ) VALUES ( 
13000012, 1330001, 'TUP Texto MUB', NULL, 6, 39999, SYSDATE); 


COMMIT;


---------------------------------------------------------------------------------------------------------
--   PASSO 21: Configurar os tipos de textos g3e_label
----------------------------------------------------------------------------------------------------------
INSERT INTO G3E_LABEL ( G3E_LFNO, G3E_USERNAME, G3E_CONTENT ) VALUES ( 
1302001, 'TUP Texto MUB', '[IDENTIFICACAO]'); 


COMMIT;


---------------------------------------------------------------------------------------------------------
--   PASSO 22: Configurar as regras de texto na tabela g3e_labelrule
----------------------------------------------------------------------------------------------------------
INSERT INTO G3E_LABELRULE ( G3E_LRROWNO, G3E_LRNO, G3E_RULE, G3E_FILTERORDINAL, G3E_LFNO
 ) VALUES ( 
130200101, 1302001, 'TUP Texto MUB', 1, 1302001); 


COMMIT;


---------------------------------------------------------------------------------------------------------
--   PASSO 23: Definir as legendas, acrescentando os nomes das views que irão aparecer nas legendas
----------------------------------------------------------------------------------------------------------
INSERT INTO G3E_LEGENDENTRY ( G3E_LENO, G3E_LEGENDENTRY, G3E_USERNAME, G3E_VNO, G3E_SRNO, G3E_LRNO,
G3E_EDITDATE, G3E_ROLE ) VALUES ( 
1300001, 'VGC_TUP_S', 'Símbolo MUB do TUP', 13020, 1320001, NULL, SYSDATE, 'EVERYONE'); 

INSERT INTO G3E_LEGENDENTRY ( G3E_LENO, G3E_LEGENDENTRY, G3E_USERNAME, G3E_VNO, G3E_SRNO, G3E_LRNO,
G3E_EDITDATE, G3E_ROLE ) VALUES ( 
1300002, 'VGC_TUP_T', 'Texto MUB do TUP', 13030, 1330001, 1302001, SYSDATE, 'EVERYONE'); 


COMMIT;

---------------------------------------------------------------------------------------------------------
--   PASSO 24: Atualizar o campo g3e_leno da tabela g3e_componentviewcomposition com as legendas criadas
----------------------------------------------------------------------------------------------------------
UPDATE G3E_COMPONENTVIEWDEFINITION SET G3E_LENO=1300001 WHERE G3E_VNO=13020;
UPDATE G3E_COMPONENTVIEWDEFINITION SET G3E_LENO=1300002 WHERE G3E_VNO=13030;

COMMIT;




---------------------------------------------------------------------------------------------------------
--   PASSO 25: Caso a feature tenha componentes do MUB, precisamos incluir as legend entrys na tabela 
-- G3E_LEGGEO_DEFAULT
----------------------------------------------------------------------------------------------------------

INSERT INTO G3E_LEGGEO_DEFAULT ( G3E_LENO, G3E_DISPLAYMODE, G3E_DISPLAYSCALEMIN, G3E_DISPLAYSCALEMAX
, G3E_DISPLAYORDINAL, G3E_USEDISPLAYSCALE, G3E_LOCATABLE ) VALUES ( 
1300001, 1, 1, 10000, 5, 1, 1); 

INSERT INTO G3E_LEGGEO_DEFAULT ( G3E_LENO, G3E_DISPLAYMODE, G3E_DISPLAYSCALEMIN, G3E_DISPLAYSCALEMAX
, G3E_DISPLAYORDINAL, G3E_USEDISPLAYSCALE, G3E_LOCATABLE ) VALUES ( 
1300002, 1, 1, 10000, 5, 1, 1); 


COMMIT;

---------------------------------------------------------------------------------------------------------
--   PASSO 26: Atualizar os itens que aparecerão no display control
-- G3E_LEGGEO_DEFDSP
----------------------------------------------------------------------------------------------------------

UPDATE G3E_LEGGEO_DEFDSP SET G3E_ORDINAL = G3E_ORDINAL + 3 WHERE G3E_ORDINAL > 39;

INSERT INTO G3E_LEGGEO_DEFDSP ( G3E_LEGENDITEM, G3E_USERNAME, G3E_LEVEL, G3E_ORDINAL
, G3E_LEAFINDICATOR, G3E_DCROWNO, G3E_ROLE ) VALUES ( 
'TUP', 'TUP', 2, 41, 0, (select max(G3E_DCROWNO)+1 from G3E_LEGGEO_DEFDSP), 'EVERYONE'); 

INSERT INTO G3E_LEGGEO_DEFDSP ( G3E_LEGENDITEM, G3E_USERNAME, G3E_LEVEL, G3E_ORDINAL
, G3E_LEAFINDICATOR, G3E_DCROWNO ) VALUES ( 
'VGC_TUP_S', 'Símbolo MUB do TUP', 3, 42, 1, (select max(G3E_DCROWNO)+1 from G3E_LEGGEO_DEFDSP)); 

INSERT INTO G3E_LEGGEO_DEFDSP ( G3E_LEGENDITEM, G3E_USERNAME, G3E_LEVEL, G3E_ORDINAL
, G3E_LEAFINDICATOR, G3E_DCROWNO ) VALUES ( 
'VGC_TUP_T', 'Texto MUB do TUP', 3, 43, 1, (select max(G3E_DCROWNO)+1 from G3E_LEGGEO_DEFDSP)); 


COMMIT;


---------------------------------------------------------------------------------------------------------
--   PASSO 29: Disponibilizar a feature para que ela seja exibida para colocação
----------------------------------------------------------------------------------------------------------
--Como iremos configurar a placement configuration, devemos inserir uma linha na placement selection depois.
-- Caso inserissemos agora, teriamos que fazer um update mais tarde.


---------------------------------------------------------------------------------------------------------
--   PASSO 30: Definir os atributos da feature
----------------------------------------------------------------------------------------------------------
INSERT INTO G3E_ATTRIBUTE ( G3E_ANO, G3E_CNO, G3E_VNO, G3E_FIELD, G3E_USERNAME, G3E_FORMAT,
G3E_PRECISION, G3E_DOMAINTABLE, G3E_DOMAINFIELD, G3E_REQUIRED, G3E_FINO, G3E_FUNCTIONALORDINAL,
G3E_FUNCTIONALTYPE, G3E_INTERFACEARGUMENT, G3E_TOOLTIP, G3E_FOREIGNKEYTABLE, G3E_FOREIGNKEYFIELD,
G3E_HYPERTEXT, G3E_EDITDATE, G3E_PNO, G3E_COPY, G3E_EXCLUDEFROMEDIT, G3E_DATATYPE, G3E_IMPORTFIELD,
G3E_ADDITIONALREFFIELDS, G3E_EXCLUDEFROMREPLACE, G3E_WIDTHINTWIPS, G3E_BREAKCOPY,
G3E_CATALOGCOPYVALUE, G3E_LOCALECOMMENT, G3E_COPYATTRIBUTE, G3E_WRAPTEXT, G3E_MERGEEXPRESSION,
G3E_RINO, G3E_RIARGGROUPNO, G3E_UNIQUE, G3E_COMPRELATIVEANO, G3E_FUNCTIONALVALIDATION, G3E_ROLE,
G3E_FKQRINO, G3E_FKQARGGROUPNO ) VALUES ( 
1300001, 13001, NULL, 'G3E_ID', 'Identifier', 'General Number', NULL, NULL, NULL
, 0, NULL, NULL, NULL, NULL, NULL, NULL, NULL, 0, SYSDATE
, NULL, 0, 1, 3, NULL, NULL, 0, NULL, 0, NULL, NULL, 0, 1, NULL, NULL, NULL, 0, NULL
, 1, 'EVERYONE', NULL, NULL); 

INSERT INTO G3E_ATTRIBUTE ( G3E_ANO, G3E_CNO, G3E_VNO, G3E_FIELD, G3E_USERNAME, G3E_FORMAT,
G3E_PRECISION, G3E_DOMAINTABLE, G3E_DOMAINFIELD, G3E_REQUIRED, G3E_FINO, G3E_FUNCTIONALORDINAL,
G3E_FUNCTIONALTYPE, G3E_INTERFACEARGUMENT, G3E_TOOLTIP, G3E_FOREIGNKEYTABLE, G3E_FOREIGNKEYFIELD,
G3E_HYPERTEXT, G3E_EDITDATE, G3E_PNO, G3E_COPY, G3E_EXCLUDEFROMEDIT, G3E_DATATYPE, G3E_IMPORTFIELD,
G3E_ADDITIONALREFFIELDS, G3E_EXCLUDEFROMREPLACE, G3E_WIDTHINTWIPS, G3E_BREAKCOPY,
G3E_CATALOGCOPYVALUE, G3E_LOCALECOMMENT, G3E_COPYATTRIBUTE, G3E_WRAPTEXT, G3E_MERGEEXPRESSION,
G3E_RINO, G3E_RIARGGROUPNO, G3E_UNIQUE, G3E_COMPRELATIVEANO, G3E_FUNCTIONALVALIDATION, G3E_ROLE,
G3E_FKQRINO, G3E_FKQARGGROUPNO ) VALUES ( 
1300002, 13001, NULL, 'G3E_FNO', 'Feature Number', 'General Number', NULL, NULL
, NULL, 0, NULL, NULL, NULL, NULL, NULL, NULL, NULL, 0, SYSDATE
, NULL, 0, 1, 3, NULL, NULL, 0, NULL, 0, NULL, NULL, 0, 1, NULL, NULL, NULL, 0, NULL
, 1, 'EVERYONE', NULL, NULL); 

INSERT INTO G3E_ATTRIBUTE ( G3E_ANO, G3E_CNO, G3E_VNO, G3E_FIELD, G3E_USERNAME, G3E_FORMAT,
G3E_PRECISION, G3E_DOMAINTABLE, G3E_DOMAINFIELD, G3E_REQUIRED, G3E_FINO, G3E_FUNCTIONALORDINAL,
G3E_FUNCTIONALTYPE, G3E_INTERFACEARGUMENT, G3E_TOOLTIP, G3E_FOREIGNKEYTABLE, G3E_FOREIGNKEYFIELD,
G3E_HYPERTEXT, G3E_EDITDATE, G3E_PNO, G3E_COPY, G3E_EXCLUDEFROMEDIT, G3E_DATATYPE, G3E_IMPORTFIELD,
G3E_ADDITIONALREFFIELDS, G3E_EXCLUDEFROMREPLACE, G3E_WIDTHINTWIPS, G3E_BREAKCOPY,
G3E_CATALOGCOPYVALUE, G3E_LOCALECOMMENT, G3E_COPYATTRIBUTE, G3E_WRAPTEXT, G3E_MERGEEXPRESSION,
G3E_RINO, G3E_RIARGGROUPNO, G3E_UNIQUE, G3E_COMPRELATIVEANO, G3E_FUNCTIONALVALIDATION, G3E_ROLE,
G3E_FKQRINO, G3E_FKQARGGROUPNO ) VALUES ( 
1300003, 13001, NULL, 'G3E_FID', 'Feature Identifier', 'General Number', NULL, NULL
, NULL, 0, NULL, NULL, NULL, NULL, NULL, NULL, NULL, 0, SYSDATE
, NULL, 0, 1, 3, NULL, NULL, 0, NULL, 0, NULL, NULL, 0, 1, NULL, NULL, NULL, 0, NULL
, 1, 'EVERYONE', NULL, NULL); 

INSERT INTO G3E_ATTRIBUTE ( G3E_ANO, G3E_CNO, G3E_VNO, G3E_FIELD, G3E_USERNAME, G3E_FORMAT,
G3E_PRECISION, G3E_DOMAINTABLE, G3E_DOMAINFIELD, G3E_REQUIRED, G3E_FINO, G3E_FUNCTIONALORDINAL,
G3E_FUNCTIONALTYPE, G3E_INTERFACEARGUMENT, G3E_TOOLTIP, G3E_FOREIGNKEYTABLE, G3E_FOREIGNKEYFIELD,
G3E_HYPERTEXT, G3E_EDITDATE, G3E_PNO, G3E_COPY, G3E_EXCLUDEFROMEDIT, G3E_DATATYPE, G3E_IMPORTFIELD,
G3E_ADDITIONALREFFIELDS, G3E_EXCLUDEFROMREPLACE, G3E_WIDTHINTWIPS, G3E_BREAKCOPY,
G3E_CATALOGCOPYVALUE, G3E_LOCALECOMMENT, G3E_COPYATTRIBUTE, G3E_WRAPTEXT, G3E_MERGEEXPRESSION,
G3E_RINO, G3E_RIARGGROUPNO, G3E_UNIQUE, G3E_COMPRELATIVEANO, G3E_FUNCTIONALVALIDATION, G3E_ROLE,
G3E_FKQRINO, G3E_FKQARGGROUPNO ) VALUES ( 
1300004, 13001, NULL, 'G3E_CNO', 'Component Number', 'General Number', NULL, NULL
, NULL, 0, NULL, NULL, NULL, NULL, NULL, NULL, NULL, 0, SYSDATE
, NULL, 0, 1, 3, NULL, NULL, 0, NULL, 0, NULL, NULL, 0, 1, NULL, NULL, NULL, 0, NULL
, 1, 'EVERYONE', NULL, NULL); 

INSERT INTO G3E_ATTRIBUTE ( G3E_ANO, G3E_CNO, G3E_VNO, G3E_FIELD, G3E_USERNAME, G3E_FORMAT,
G3E_PRECISION, G3E_DOMAINTABLE, G3E_DOMAINFIELD, G3E_REQUIRED, G3E_FINO, G3E_FUNCTIONALORDINAL,
G3E_FUNCTIONALTYPE, G3E_INTERFACEARGUMENT, G3E_TOOLTIP, G3E_FOREIGNKEYTABLE, G3E_FOREIGNKEYFIELD,
G3E_HYPERTEXT, G3E_EDITDATE, G3E_PNO, G3E_COPY, G3E_EXCLUDEFROMEDIT, G3E_DATATYPE, G3E_IMPORTFIELD,
G3E_ADDITIONALREFFIELDS, G3E_EXCLUDEFROMREPLACE, G3E_WIDTHINTWIPS, G3E_BREAKCOPY,
G3E_CATALOGCOPYVALUE, G3E_LOCALECOMMENT, G3E_COPYATTRIBUTE, G3E_WRAPTEXT, G3E_MERGEEXPRESSION,
G3E_RINO, G3E_RIARGGROUPNO, G3E_UNIQUE, G3E_COMPRELATIVEANO, G3E_FUNCTIONALVALIDATION, G3E_ROLE,
G3E_FKQRINO, G3E_FKQARGGROUPNO ) VALUES ( 
1300005, 13001, NULL, 'G3E_CID', 'Component Identifier', 'General Number', NULL
, NULL, NULL, 0, NULL, NULL, NULL, NULL, NULL, NULL, NULL, 0, SYSDATE
, NULL, 0, 1, 3, NULL, NULL, 0, NULL, 0, NULL, NULL, 0, 1, NULL, NULL, NULL, 0, NULL
, 1, 'EVERYONE', NULL, NULL); 

INSERT INTO G3E_ATTRIBUTE ( G3E_ANO, G3E_CNO, G3E_VNO, G3E_FIELD, G3E_USERNAME, G3E_FORMAT,
G3E_PRECISION, G3E_DOMAINTABLE, G3E_DOMAINFIELD, G3E_REQUIRED, G3E_FINO, G3E_FUNCTIONALORDINAL,
G3E_FUNCTIONALTYPE, G3E_INTERFACEARGUMENT, G3E_TOOLTIP, G3E_FOREIGNKEYTABLE, G3E_FOREIGNKEYFIELD,
G3E_HYPERTEXT, G3E_EDITDATE, G3E_PNO, G3E_COPY, G3E_EXCLUDEFROMEDIT, G3E_DATATYPE, G3E_IMPORTFIELD,
G3E_ADDITIONALREFFIELDS, G3E_EXCLUDEFROMREPLACE, G3E_WIDTHINTWIPS, G3E_BREAKCOPY,
G3E_CATALOGCOPYVALUE, G3E_LOCALECOMMENT, G3E_COPYATTRIBUTE, G3E_WRAPTEXT, G3E_MERGEEXPRESSION,
G3E_RINO, G3E_RIARGGROUPNO, G3E_UNIQUE, G3E_COMPRELATIVEANO, G3E_FUNCTIONALVALIDATION, G3E_ROLE,
G3E_FKQRINO, G3E_FKQARGGROUPNO ) VALUES ( 
1300006, 13001, NULL, 'IDENTIFICACAO', 'Identificação', NULL, NULL, NULL, NULL, 0, NULL
, NULL, NULL, NULL, NULL, NULL, NULL, 0, SYSDATE
, NULL, 1, 1, 10, NULL, NULL, 0, NULL, 0, NULL, NULL, 0, 1, NULL, NULL, NULL, 0, NULL
, 1, 'EVERYONE', NULL, NULL);


INSERT INTO G3E_ATTRIBUTE ( G3E_ANO, G3E_CNO, G3E_VNO, G3E_FIELD, G3E_USERNAME, G3E_FORMAT,
G3E_PRECISION, G3E_DOMAINTABLE, G3E_DOMAINFIELD, G3E_REQUIRED, G3E_FINO, G3E_FUNCTIONALORDINAL,
G3E_FUNCTIONALTYPE, G3E_INTERFACEARGUMENT, G3E_TOOLTIP, G3E_FOREIGNKEYTABLE, G3E_FOREIGNKEYFIELD,
G3E_HYPERTEXT, G3E_EDITDATE, G3E_PNO, G3E_COPY, G3E_EXCLUDEFROMEDIT, G3E_DATATYPE, G3E_IMPORTFIELD,
G3E_ADDITIONALREFFIELDS, G3E_EXCLUDEFROMREPLACE, G3E_WIDTHINTWIPS, G3E_BREAKCOPY,
G3E_CATALOGCOPYVALUE, G3E_LOCALECOMMENT, G3E_COPYATTRIBUTE, G3E_WRAPTEXT, G3E_MERGEEXPRESSION,
G3E_RINO, G3E_RIARGGROUPNO, G3E_UNIQUE, G3E_COMPRELATIVEANO, G3E_FUNCTIONALVALIDATION, G3E_ROLE,
G3E_FKQRINO, G3E_FKQARGGROUPNO ) VALUES ( 
1300007, 13001, NULL, 'ENDERECO', 'Endereço', NULL, NULL, NULL, NULL, 0, NULL
, NULL, NULL, NULL, NULL, NULL, NULL, 0, SYSDATE
, NULL, 1, 1, 10, NULL, NULL, 0, NULL, 0, NULL, NULL, 0, 1, NULL, NULL, NULL, 0, NULL
, 1, 'EVERYONE', NULL, NULL);

INSERT INTO G3E_ATTRIBUTE ( G3E_ANO, G3E_CNO, G3E_VNO, G3E_FIELD, G3E_USERNAME, G3E_FORMAT,
G3E_PRECISION, G3E_DOMAINTABLE, G3E_DOMAINFIELD, G3E_REQUIRED, G3E_FINO, G3E_FUNCTIONALORDINAL,
G3E_FUNCTIONALTYPE, G3E_INTERFACEARGUMENT, G3E_TOOLTIP, G3E_FOREIGNKEYTABLE, G3E_FOREIGNKEYFIELD,
G3E_HYPERTEXT, G3E_EDITDATE, G3E_PNO, G3E_COPY, G3E_EXCLUDEFROMEDIT, G3E_DATATYPE, G3E_IMPORTFIELD,
G3E_ADDITIONALREFFIELDS, G3E_EXCLUDEFROMREPLACE, G3E_WIDTHINTWIPS, G3E_BREAKCOPY,
G3E_CATALOGCOPYVALUE, G3E_LOCALECOMMENT, G3E_COPYATTRIBUTE, G3E_WRAPTEXT, G3E_MERGEEXPRESSION,
G3E_RINO, G3E_RIARGGROUPNO, G3E_UNIQUE, G3E_COMPRELATIVEANO, G3E_FUNCTIONALVALIDATION, G3E_ROLE,
G3E_FKQRINO, G3E_FKQARGGROUPNO ) VALUES ( 
1300008, 13001, NULL, 'COMENTARIO', 'Comentário', NULL, NULL, NULL, NULL, 0, NULL
, NULL, NULL, NULL, NULL, NULL, NULL, 0, SYSDATE
, NULL, 1, 1, 10, NULL, NULL, 0, NULL, 0, NULL, NULL, 0, 1, NULL, NULL, NULL, 0, NULL
, 1, 'EVERYONE', NULL, NULL);


INSERT INTO G3E_ATTRIBUTE ( G3E_ANO, G3E_CNO, G3E_VNO, G3E_FIELD, G3E_USERNAME, G3E_FORMAT,
G3E_PRECISION, G3E_DOMAINTABLE, G3E_DOMAINFIELD, G3E_REQUIRED, G3E_FINO, G3E_FUNCTIONALORDINAL,
G3E_FUNCTIONALTYPE, G3E_INTERFACEARGUMENT, G3E_TOOLTIP, G3E_FOREIGNKEYTABLE, G3E_FOREIGNKEYFIELD,
G3E_HYPERTEXT, G3E_EDITDATE, G3E_PNO, G3E_COPY, G3E_EXCLUDEFROMEDIT, G3E_DATATYPE, G3E_IMPORTFIELD,
G3E_ADDITIONALREFFIELDS, G3E_EXCLUDEFROMREPLACE, G3E_WIDTHINTWIPS, G3E_BREAKCOPY,
G3E_CATALOGCOPYVALUE, G3E_LOCALECOMMENT, G3E_COPYATTRIBUTE, G3E_WRAPTEXT, G3E_MERGEEXPRESSION,
G3E_RINO, G3E_RIARGGROUPNO, G3E_UNIQUE, G3E_COMPRELATIVEANO, G3E_FUNCTIONALVALIDATION, G3E_ROLE,
G3E_FKQRINO, G3E_FKQARGGROUPNO ) VALUES ( 
1300009, 13001, NULL, 'OBRA', 'Obra', NULL, NULL, NULL, NULL, 0, NULL
, NULL, NULL, NULL, NULL, NULL, NULL, 0, SYSDATE
, NULL, 1, 1, 10, NULL, NULL, 0, NULL, 0, NULL, NULL, 0, 1, NULL, NULL, NULL, 0, NULL
, 1, 'EVERYONE', NULL, NULL);

commit;


INSERT INTO G3E_ATTRIBUTE ( G3E_ANO, G3E_CNO, G3E_VNO, G3E_FIELD, G3E_USERNAME, G3E_FORMAT,
G3E_PRECISION, G3E_DOMAINTABLE, G3E_DOMAINFIELD, G3E_REQUIRED, G3E_FINO, G3E_FUNCTIONALORDINAL,
G3E_FUNCTIONALTYPE, G3E_INTERFACEARGUMENT, G3E_TOOLTIP, G3E_FOREIGNKEYTABLE, G3E_FOREIGNKEYFIELD,
G3E_HYPERTEXT, G3E_EDITDATE, G3E_PNO, G3E_COPY, G3E_EXCLUDEFROMEDIT, G3E_DATATYPE, G3E_IMPORTFIELD,
G3E_ADDITIONALREFFIELDS, G3E_EXCLUDEFROMREPLACE, G3E_WIDTHINTWIPS, G3E_BREAKCOPY,
G3E_CATALOGCOPYVALUE, G3E_LOCALECOMMENT, G3E_COPYATTRIBUTE, G3E_WRAPTEXT, G3E_MERGEEXPRESSION,
G3E_RINO, G3E_RIARGGROUPNO, G3E_UNIQUE, G3E_COMPRELATIVEANO, G3E_FUNCTIONALVALIDATION, G3E_ROLE,
G3E_FKQRINO, G3E_FKQARGGROUPNO ) VALUES ( 
1300010, 13020, NULL, 'G3E_FID', 'Feature Identifier', 'General Number', NULL, NULL
, NULL, 0, NULL, NULL, NULL, NULL, NULL, NULL, NULL, 0, SYSDATE
, NULL, 0, 1, 3, NULL, NULL, 0, NULL, 0, NULL, NULL, 0, 1, NULL, NULL, NULL, 0, NULL
, 1, 'EVERYONE', NULL, NULL); 

INSERT INTO G3E_ATTRIBUTE ( G3E_ANO, G3E_CNO, G3E_VNO, G3E_FIELD, G3E_USERNAME, G3E_FORMAT,
G3E_PRECISION, G3E_DOMAINTABLE, G3E_DOMAINFIELD, G3E_REQUIRED, G3E_FINO, G3E_FUNCTIONALORDINAL,
G3E_FUNCTIONALTYPE, G3E_INTERFACEARGUMENT, G3E_TOOLTIP, G3E_FOREIGNKEYTABLE, G3E_FOREIGNKEYFIELD,
G3E_HYPERTEXT, G3E_EDITDATE, G3E_PNO, G3E_COPY, G3E_EXCLUDEFROMEDIT, G3E_DATATYPE, G3E_IMPORTFIELD,
G3E_ADDITIONALREFFIELDS, G3E_EXCLUDEFROMREPLACE, G3E_WIDTHINTWIPS, G3E_BREAKCOPY,
G3E_CATALOGCOPYVALUE, G3E_LOCALECOMMENT, G3E_COPYATTRIBUTE, G3E_WRAPTEXT, G3E_MERGEEXPRESSION,
G3E_RINO, G3E_RIARGGROUPNO, G3E_UNIQUE, G3E_COMPRELATIVEANO, G3E_FUNCTIONALVALIDATION, G3E_ROLE,
G3E_FKQRINO, G3E_FKQARGGROUPNO ) VALUES ( 
1300011, 13020, NULL, 'G3E_ID', 'Identifier', 'General Number', NULL, NULL, NULL
, 0, NULL, NULL, NULL, NULL, NULL, NULL, NULL, 0, SYSDATE
, NULL, 0, 1, 3, NULL, NULL, 0, NULL, 0, NULL, NULL, 0, 1, NULL, NULL, NULL, 0, NULL
, 1, 'EVERYONE', NULL, NULL); 


INSERT INTO G3E_ATTRIBUTE ( G3E_ANO, G3E_CNO, G3E_VNO, G3E_FIELD, G3E_USERNAME, G3E_FORMAT,
G3E_PRECISION, G3E_DOMAINTABLE, G3E_DOMAINFIELD, G3E_REQUIRED, G3E_FINO, G3E_FUNCTIONALORDINAL,
G3E_FUNCTIONALTYPE, G3E_INTERFACEARGUMENT, G3E_TOOLTIP, G3E_FOREIGNKEYTABLE, G3E_FOREIGNKEYFIELD,
G3E_HYPERTEXT, G3E_EDITDATE, G3E_PNO, G3E_COPY, G3E_EXCLUDEFROMEDIT, G3E_DATATYPE, G3E_IMPORTFIELD,
G3E_ADDITIONALREFFIELDS, G3E_EXCLUDEFROMREPLACE, G3E_WIDTHINTWIPS, G3E_BREAKCOPY,
G3E_CATALOGCOPYVALUE, G3E_LOCALECOMMENT, G3E_COPYATTRIBUTE, G3E_WRAPTEXT, G3E_MERGEEXPRESSION,
G3E_RINO, G3E_RIARGGROUPNO, G3E_UNIQUE, G3E_COMPRELATIVEANO, G3E_FUNCTIONALVALIDATION, G3E_ROLE,
G3E_FKQRINO, G3E_FKQARGGROUPNO ) VALUES ( 
1300012, 13020, NULL, 'G3E_GEOMETRY', 'Geometry', NULL, NULL, NULL, NULL, 0, NULL
, NULL, NULL, NULL, 'Geometry', NULL, NULL, 0, SYSDATE
, NULL, 0, 1, 10, NULL, NULL, 0, NULL, 0, NULL, NULL, 0, 1, NULL, NULL, NULL, 0, NULL
, 1, 'EVERYONE', NULL, NULL); 


INSERT INTO G3E_ATTRIBUTE ( G3E_ANO, G3E_CNO, G3E_VNO, G3E_FIELD, G3E_USERNAME, G3E_FORMAT,
G3E_PRECISION, G3E_DOMAINTABLE, G3E_DOMAINFIELD, G3E_REQUIRED, G3E_FINO, G3E_FUNCTIONALORDINAL,
G3E_FUNCTIONALTYPE, G3E_INTERFACEARGUMENT, G3E_TOOLTIP, G3E_FOREIGNKEYTABLE, G3E_FOREIGNKEYFIELD,
G3E_HYPERTEXT, G3E_EDITDATE, G3E_PNO, G3E_COPY, G3E_EXCLUDEFROMEDIT, G3E_DATATYPE, G3E_IMPORTFIELD,
G3E_ADDITIONALREFFIELDS, G3E_EXCLUDEFROMREPLACE, G3E_WIDTHINTWIPS, G3E_BREAKCOPY,
G3E_CATALOGCOPYVALUE, G3E_LOCALECOMMENT, G3E_COPYATTRIBUTE, G3E_WRAPTEXT, G3E_MERGEEXPRESSION,
G3E_RINO, G3E_RIARGGROUPNO, G3E_UNIQUE, G3E_COMPRELATIVEANO, G3E_FUNCTIONALVALIDATION, G3E_ROLE,
G3E_FKQRINO, G3E_FKQARGGROUPNO ) VALUES ( 
1300013, 13030, NULL, 'G3E_FID', 'Feature Identifier', 'General Number', NULL, NULL
, NULL, 0, NULL, NULL, NULL, NULL, NULL, NULL, NULL, 0, SYSDATE
, NULL, 0, 1, 3, NULL, NULL, 0, NULL, 0, NULL, NULL, 0, 1, NULL, NULL, NULL, 0, NULL
, 1, 'EVERYONE', NULL, NULL); 

INSERT INTO G3E_ATTRIBUTE ( G3E_ANO, G3E_CNO, G3E_VNO, G3E_FIELD, G3E_USERNAME, G3E_FORMAT,
G3E_PRECISION, G3E_DOMAINTABLE, G3E_DOMAINFIELD, G3E_REQUIRED, G3E_FINO, G3E_FUNCTIONALORDINAL,
G3E_FUNCTIONALTYPE, G3E_INTERFACEARGUMENT, G3E_TOOLTIP, G3E_FOREIGNKEYTABLE, G3E_FOREIGNKEYFIELD,
G3E_HYPERTEXT, G3E_EDITDATE, G3E_PNO, G3E_COPY, G3E_EXCLUDEFROMEDIT, G3E_DATATYPE, G3E_IMPORTFIELD,
G3E_ADDITIONALREFFIELDS, G3E_EXCLUDEFROMREPLACE, G3E_WIDTHINTWIPS, G3E_BREAKCOPY,
G3E_CATALOGCOPYVALUE, G3E_LOCALECOMMENT, G3E_COPYATTRIBUTE, G3E_WRAPTEXT, G3E_MERGEEXPRESSION,
G3E_RINO, G3E_RIARGGROUPNO, G3E_UNIQUE, G3E_COMPRELATIVEANO, G3E_FUNCTIONALVALIDATION, G3E_ROLE,
G3E_FKQRINO, G3E_FKQARGGROUPNO ) VALUES ( 
1300014, 13030, NULL, 'G3E_ALIGNMENT', 'Alignment', 'General Number', NULL, NULL, NULL
, 0, NULL, NULL, NULL, NULL, NULL, NULL, NULL, 0, SYSDATE
, NULL, 0, 1, 3, NULL, NULL, 0, NULL, 0, NULL, NULL, 0, 1, NULL, NULL, NULL, 0, NULL
, 1, 'EVERYONE', NULL, NULL); 


INSERT INTO G3E_ATTRIBUTE ( G3E_ANO, G3E_CNO, G3E_VNO, G3E_FIELD, G3E_USERNAME, G3E_FORMAT,
G3E_PRECISION, G3E_DOMAINTABLE, G3E_DOMAINFIELD, G3E_REQUIRED, G3E_FINO, G3E_FUNCTIONALORDINAL,
G3E_FUNCTIONALTYPE, G3E_INTERFACEARGUMENT, G3E_TOOLTIP, G3E_FOREIGNKEYTABLE, G3E_FOREIGNKEYFIELD,
G3E_HYPERTEXT, G3E_EDITDATE, G3E_PNO, G3E_COPY, G3E_EXCLUDEFROMEDIT, G3E_DATATYPE, G3E_IMPORTFIELD,
G3E_ADDITIONALREFFIELDS, G3E_EXCLUDEFROMREPLACE, G3E_WIDTHINTWIPS, G3E_BREAKCOPY,
G3E_CATALOGCOPYVALUE, G3E_LOCALECOMMENT, G3E_COPYATTRIBUTE, G3E_WRAPTEXT, G3E_MERGEEXPRESSION,
G3E_RINO, G3E_RIARGGROUPNO, G3E_UNIQUE, G3E_COMPRELATIVEANO, G3E_FUNCTIONALVALIDATION, G3E_ROLE,
G3E_FKQRINO, G3E_FKQARGGROUPNO ) VALUES ( 
1300015, 13030, NULL, 'G3E_GEOMETRY', 'Geometry', NULL, NULL, NULL, NULL, 0, NULL
, NULL, NULL, NULL, 'Geometry', NULL, NULL, 0, SYSDATE
, NULL, 0, 1, 10, NULL, NULL, 0, NULL, 0, NULL, NULL, 0, 1, NULL, NULL, NULL, 0, NULL
, 1, 'EVERYONE', NULL, NULL); 



COMMIT;


---------------------------------------------------------------------------------------------------------
--   PASSO 31: Criar as tabs que irão exibir os atributos
----------------------------------------------------------------------------------------------------------
INSERT INTO G3E_DIALOGTAB ( G3E_DTNO, G3E_USERNAME, G3E_ORIENTATION, G3E_EDITDATE, G3E_WIDTHINTWIPS,
G3E_SUPPORTINTERFACE, G3E_LOCALECOMMENT ) VALUES ( 
1300101, 'TUP', 'V', SYSDATE, NULL, NULL, NULL); 

INSERT INTO G3E_DIALOGTAB ( G3E_DTNO, G3E_USERNAME, G3E_ORIENTATION, G3E_EDITDATE, G3E_WIDTHINTWIPS,
G3E_SUPPORTINTERFACE, G3E_LOCALECOMMENT ) VALUES ( 
1300102, 'TUP', 'V', SYSDATE, NULL, NULL, NULL); 

INSERT INTO G3E_DIALOGTAB ( G3E_DTNO, G3E_USERNAME, G3E_ORIENTATION, G3E_EDITDATE, G3E_WIDTHINTWIPS,
G3E_SUPPORTINTERFACE, G3E_LOCALECOMMENT ) VALUES ( 
1300103, 'TUP', 'V', SYSDATE, NULL, NULL, NULL); 

COMMIT;



INSERT INTO G3E_DIALOG ( G3E_DROWNO, G3E_DNO, G3E_TYPE, G3E_FNO, G3E_ORDINAL, G3E_FILTER, G3E_DTNO,
G3E_EDITDATE ) VALUES ( 
1300301, 13003, 'Review', 13000, 1, NULL, 1300103, SYSDATE); 


INSERT INTO G3E_DIALOG ( G3E_DROWNO, G3E_DNO, G3E_TYPE, G3E_FNO, G3E_ORDINAL, G3E_FILTER, G3E_DTNO,
G3E_EDITDATE ) VALUES ( 
1300201, 13002, 'Edit', 13000, 1, NULL, 1300102, SYSDATE); 


INSERT INTO G3E_DIALOG ( G3E_DROWNO, G3E_DNO, G3E_TYPE, G3E_FNO, G3E_ORDINAL, G3E_FILTER, G3E_DTNO,
G3E_EDITDATE ) VALUES ( 
1300101, 13001, 'TUP', 13000, 1, NULL, 1300101, SYSDATE); 


COMMIT;


---------------------------------------------------------------------------------------------------------
--   PASSO 32: Definir os os atributos que serão exibidos em cada tab
----------------------------------------------------------------------------------------------------------

-- Review Tab attributes

INSERT INTO G3E_TABATTRIBUTE ( G3E_TANO, G3E_ANO, G3E_ORDINAL, G3E_PNO, G3E_READONLY, G3E_DEFAULT,
G3E_DTNO, G3E_FIELDVALUEFILTER, G3E_TRAVERSALANO, G3E_EDITDATE, G3E_REFRESH, G3E_TRIGGERPOPULATE,
G3E_USEFILTERTOTRANSLATEKEY, G3E_FKQRINO, G3E_FKQARGGROUPNO ) VALUES ( 
1300001, 1300006, 1, NULL, 1, NULL, 1300103, NULL, NULL, SYSDATE
, 0, 0, 0, NULL, NULL); 

INSERT INTO G3E_TABATTRIBUTE ( G3E_TANO, G3E_ANO, G3E_ORDINAL, G3E_PNO, G3E_READONLY, G3E_DEFAULT,
G3E_DTNO, G3E_FIELDVALUEFILTER, G3E_TRAVERSALANO, G3E_EDITDATE, G3E_REFRESH, G3E_TRIGGERPOPULATE,
G3E_USEFILTERTOTRANSLATEKEY, G3E_FKQRINO, G3E_FKQARGGROUPNO ) VALUES ( 
1300002, 1300007, 2, NULL, 1, NULL, 1300103, NULL, NULL, SYSDATE
, 0, 0, 0, NULL, NULL); 

INSERT INTO G3E_TABATTRIBUTE ( G3E_TANO, G3E_ANO, G3E_ORDINAL, G3E_PNO, G3E_READONLY, G3E_DEFAULT,
G3E_DTNO, G3E_FIELDVALUEFILTER, G3E_TRAVERSALANO, G3E_EDITDATE, G3E_REFRESH, G3E_TRIGGERPOPULATE,
G3E_USEFILTERTOTRANSLATEKEY, G3E_FKQRINO, G3E_FKQARGGROUPNO ) VALUES ( 
1300003, 1300008, 3, NULL, 1, NULL, 1300103, NULL, NULL, SYSDATE
, 0, 0, 0, NULL, NULL); 

INSERT INTO G3E_TABATTRIBUTE ( G3E_TANO, G3E_ANO, G3E_ORDINAL, G3E_PNO, G3E_READONLY, G3E_DEFAULT,
G3E_DTNO, G3E_FIELDVALUEFILTER, G3E_TRAVERSALANO, G3E_EDITDATE, G3E_REFRESH, G3E_TRIGGERPOPULATE,
G3E_USEFILTERTOTRANSLATEKEY, G3E_FKQRINO, G3E_FKQARGGROUPNO ) VALUES ( 
1300004, 1300009, 4, NULL, 1, NULL, 1300103, NULL, NULL, SYSDATE, 0, 0, 0, NULL, NULL); 

INSERT INTO G3E_TABATTRIBUTE ( G3E_TANO, G3E_ANO, G3E_ORDINAL, G3E_PNO, G3E_READONLY, G3E_DEFAULT,
G3E_DTNO, G3E_FIELDVALUEFILTER, G3E_TRAVERSALANO, G3E_EDITDATE, G3E_REFRESH, G3E_TRIGGERPOPULATE,
G3E_USEFILTERTOTRANSLATEKEY, G3E_FKQRINO, G3E_FKQARGGROUPNO ) VALUES ( 
1300005, 5111, 5, NULL, 1, NULL, 1300103, NULL, NULL, SYSDATE, 0, 0, 0, NULL, NULL); 

INSERT INTO G3E_TABATTRIBUTE ( G3E_TANO, G3E_ANO, G3E_ORDINAL, G3E_PNO, G3E_READONLY, G3E_DEFAULT,
G3E_DTNO, G3E_FIELDVALUEFILTER, G3E_TRAVERSALANO, G3E_EDITDATE, G3E_REFRESH, G3E_TRIGGERPOPULATE,
G3E_USEFILTERTOTRANSLATEKEY, G3E_FKQRINO, G3E_FKQARGGROUPNO ) VALUES ( 
1300006, 5108, 6, NULL, 1, NULL, 1300103, NULL, NULL, SYSDATE, 0, 0, 0, NULL, NULL); 

INSERT INTO G3E_TABATTRIBUTE ( G3E_TANO, G3E_ANO, G3E_ORDINAL, G3E_PNO, G3E_READONLY, G3E_DEFAULT,
G3E_DTNO, G3E_FIELDVALUEFILTER, G3E_TRAVERSALANO, G3E_EDITDATE, G3E_REFRESH, G3E_TRIGGERPOPULATE,
G3E_USEFILTERTOTRANSLATEKEY, G3E_FKQRINO, G3E_FKQARGGROUPNO ) VALUES ( 
1300007, 5107, 7, NULL, 1, NULL, 1300103, NULL, NULL, SYSDATE, 0, 0, 0, NULL, NULL); 

INSERT INTO G3E_TABATTRIBUTE ( G3E_TANO, G3E_ANO, G3E_ORDINAL, G3E_PNO, G3E_READONLY, G3E_DEFAULT,
G3E_DTNO, G3E_FIELDVALUEFILTER, G3E_TRAVERSALANO, G3E_EDITDATE, G3E_REFRESH, G3E_TRIGGERPOPULATE,
G3E_USEFILTERTOTRANSLATEKEY, G3E_FKQRINO, G3E_FKQARGGROUPNO ) VALUES ( 
1300008, 5106, 8, NULL, 1, NULL, 1300103, NULL, NULL, SYSDATE, 0, 0, 0, NULL, NULL); 

INSERT INTO G3E_TABATTRIBUTE ( G3E_TANO, G3E_ANO, G3E_ORDINAL, G3E_PNO, G3E_READONLY, G3E_DEFAULT,
G3E_DTNO, G3E_FIELDVALUEFILTER, G3E_TRAVERSALANO, G3E_EDITDATE, G3E_REFRESH, G3E_TRIGGERPOPULATE,
G3E_USEFILTERTOTRANSLATEKEY, G3E_FKQRINO, G3E_FKQARGGROUPNO ) VALUES ( 
1300009, 5117, 9, NULL, 1, NULL, 1300103, NULL, NULL, SYSDATE, 0, 0, 0, NULL, NULL); 

INSERT INTO G3E_TABATTRIBUTE ( G3E_TANO, G3E_ANO, G3E_ORDINAL, G3E_PNO, G3E_READONLY, G3E_DEFAULT,
G3E_DTNO, G3E_FIELDVALUEFILTER, G3E_TRAVERSALANO, G3E_EDITDATE, G3E_REFRESH, G3E_TRIGGERPOPULATE,
G3E_USEFILTERTOTRANSLATEKEY, G3E_FKQRINO, G3E_FKQARGGROUPNO ) VALUES ( 
1300010, 5112, 10, NULL, 1, NULL, 1300103, NULL, NULL, SYSDATE, 0, 0, 0, NULL, NULL); 

INSERT INTO G3E_TABATTRIBUTE ( G3E_TANO, G3E_ANO, G3E_ORDINAL, G3E_PNO, G3E_READONLY, G3E_DEFAULT,
G3E_DTNO, G3E_FIELDVALUEFILTER, G3E_TRAVERSALANO, G3E_EDITDATE, G3E_REFRESH, G3E_TRIGGERPOPULATE,
G3E_USEFILTERTOTRANSLATEKEY, G3E_FKQRINO, G3E_FKQARGGROUPNO ) VALUES ( 
1300011, 5150, 11, NULL, 1, NULL, 1300103, NULL, NULL, SYSDATE, 0, 0, 0, NULL, NULL); 

INSERT INTO G3E_TABATTRIBUTE ( G3E_TANO, G3E_ANO, G3E_ORDINAL, G3E_PNO, G3E_READONLY, G3E_DEFAULT,
G3E_DTNO, G3E_FIELDVALUEFILTER, G3E_TRAVERSALANO, G3E_EDITDATE, G3E_REFRESH, G3E_TRIGGERPOPULATE,
G3E_USEFILTERTOTRANSLATEKEY, G3E_FKQRINO, G3E_FKQARGGROUPNO ) VALUES ( 
1300012, 5110, 12, NULL, 1, NULL, 1300103, NULL, NULL, SYSDATE, 0, 0, 0, NULL, NULL); 

INSERT INTO G3E_TABATTRIBUTE ( G3E_TANO, G3E_ANO, G3E_ORDINAL, G3E_PNO, G3E_READONLY, G3E_DEFAULT,
G3E_DTNO, G3E_FIELDVALUEFILTER, G3E_TRAVERSALANO, G3E_EDITDATE, G3E_REFRESH, G3E_TRIGGERPOPULATE,
G3E_USEFILTERTOTRANSLATEKEY, G3E_FKQRINO, G3E_FKQARGGROUPNO ) VALUES ( 
1300013, 5152, 13, NULL, 1, NULL, 1300103, NULL, NULL, SYSDATE, 0, 0, 0, NULL, NULL); 


COMMIT;


-- Edit Tab attributes

INSERT INTO G3E_TABATTRIBUTE ( G3E_TANO, G3E_ANO, G3E_ORDINAL, G3E_PNO, G3E_READONLY, G3E_DEFAULT,
G3E_DTNO, G3E_FIELDVALUEFILTER, G3E_TRAVERSALANO, G3E_EDITDATE, G3E_REFRESH, G3E_TRIGGERPOPULATE,
G3E_USEFILTERTOTRANSLATEKEY, G3E_FKQRINO, G3E_FKQARGGROUPNO ) VALUES ( 
1300014, 1300006, 1, NULL, 0, NULL, 1300102, NULL, NULL, SYSDATE
, 0, 0, 0, NULL, NULL); 

INSERT INTO G3E_TABATTRIBUTE ( G3E_TANO, G3E_ANO, G3E_ORDINAL, G3E_PNO, G3E_READONLY, G3E_DEFAULT,
G3E_DTNO, G3E_FIELDVALUEFILTER, G3E_TRAVERSALANO, G3E_EDITDATE, G3E_REFRESH, G3E_TRIGGERPOPULATE,
G3E_USEFILTERTOTRANSLATEKEY, G3E_FKQRINO, G3E_FKQARGGROUPNO ) VALUES ( 
1300015, 1300007, 2, NULL, 0, NULL, 1300102, NULL, NULL, SYSDATE
, 0, 0, 0, NULL, NULL); 

INSERT INTO G3E_TABATTRIBUTE ( G3E_TANO, G3E_ANO, G3E_ORDINAL, G3E_PNO, G3E_READONLY, G3E_DEFAULT,
G3E_DTNO, G3E_FIELDVALUEFILTER, G3E_TRAVERSALANO, G3E_EDITDATE, G3E_REFRESH, G3E_TRIGGERPOPULATE,
G3E_USEFILTERTOTRANSLATEKEY, G3E_FKQRINO, G3E_FKQARGGROUPNO ) VALUES ( 
1300016, 1300008, 3, NULL, 0, NULL, 1300102, NULL, NULL, SYSDATE
, 0, 0, 0, NULL, NULL); 


INSERT INTO G3E_TABATTRIBUTE ( G3E_TANO, G3E_ANO, G3E_ORDINAL, G3E_PNO, G3E_READONLY, G3E_DEFAULT,
G3E_DTNO, G3E_FIELDVALUEFILTER, G3E_TRAVERSALANO, G3E_EDITDATE, G3E_REFRESH, G3E_TRIGGERPOPULATE,
G3E_USEFILTERTOTRANSLATEKEY, G3E_FKQRINO, G3E_FKQARGGROUPNO ) VALUES ( 
1300017, 1300009, 4, NULL, 0, NULL, 1300102, NULL, NULL, SYSDATE, 0, 0, 0, NULL, NULL); 

INSERT INTO G3E_TABATTRIBUTE ( G3E_TANO, G3E_ANO, G3E_ORDINAL, G3E_PNO, G3E_READONLY, G3E_DEFAULT,
G3E_DTNO, G3E_FIELDVALUEFILTER, G3E_TRAVERSALANO, G3E_EDITDATE, G3E_REFRESH, G3E_TRIGGERPOPULATE,
G3E_USEFILTERTOTRANSLATEKEY, G3E_FKQRINO, G3E_FKQARGGROUPNO ) VALUES ( 
1300018, 5111, 5, NULL, 0, NULL, 1300102, NULL, NULL, SYSDATE, 0, 0, 0, NULL, NULL); 

INSERT INTO G3E_TABATTRIBUTE ( G3E_TANO, G3E_ANO, G3E_ORDINAL, G3E_PNO, G3E_READONLY, G3E_DEFAULT,
G3E_DTNO, G3E_FIELDVALUEFILTER, G3E_TRAVERSALANO, G3E_EDITDATE, G3E_REFRESH, G3E_TRIGGERPOPULATE,
G3E_USEFILTERTOTRANSLATEKEY, G3E_FKQRINO, G3E_FKQARGGROUPNO ) VALUES ( 
1300019, 5108, 6, NULL, 0, NULL, 1300102, NULL, NULL, SYSDATE, 0, 0, 0, NULL, NULL); 

INSERT INTO G3E_TABATTRIBUTE ( G3E_TANO, G3E_ANO, G3E_ORDINAL, G3E_PNO, G3E_READONLY, G3E_DEFAULT,
G3E_DTNO, G3E_FIELDVALUEFILTER, G3E_TRAVERSALANO, G3E_EDITDATE, G3E_REFRESH, G3E_TRIGGERPOPULATE,
G3E_USEFILTERTOTRANSLATEKEY, G3E_FKQRINO, G3E_FKQARGGROUPNO ) VALUES ( 
1300020, 5107, 7, NULL, 1, NULL, 1300102, NULL, NULL, SYSDATE, 0, 0, 0, NULL, NULL); 

INSERT INTO G3E_TABATTRIBUTE ( G3E_TANO, G3E_ANO, G3E_ORDINAL, G3E_PNO, G3E_READONLY, G3E_DEFAULT,
G3E_DTNO, G3E_FIELDVALUEFILTER, G3E_TRAVERSALANO, G3E_EDITDATE, G3E_REFRESH, G3E_TRIGGERPOPULATE,
G3E_USEFILTERTOTRANSLATEKEY, G3E_FKQRINO, G3E_FKQARGGROUPNO ) VALUES ( 
1300021, 5106, 8, NULL, 1, NULL, 1300102, NULL, NULL, SYSDATE, 0, 0, 0, NULL, NULL); 

INSERT INTO G3E_TABATTRIBUTE ( G3E_TANO, G3E_ANO, G3E_ORDINAL, G3E_PNO, G3E_READONLY, G3E_DEFAULT,
G3E_DTNO, G3E_FIELDVALUEFILTER, G3E_TRAVERSALANO, G3E_EDITDATE, G3E_REFRESH, G3E_TRIGGERPOPULATE,
G3E_USEFILTERTOTRANSLATEKEY, G3E_FKQRINO, G3E_FKQARGGROUPNO ) VALUES ( 
1300022, 5117, 9, NULL, 1, NULL, 1300102, NULL, NULL, SYSDATE, 0, 0, 0, NULL, NULL); 

INSERT INTO G3E_TABATTRIBUTE ( G3E_TANO, G3E_ANO, G3E_ORDINAL, G3E_PNO, G3E_READONLY, G3E_DEFAULT,
G3E_DTNO, G3E_FIELDVALUEFILTER, G3E_TRAVERSALANO, G3E_EDITDATE, G3E_REFRESH, G3E_TRIGGERPOPULATE,
G3E_USEFILTERTOTRANSLATEKEY, G3E_FKQRINO, G3E_FKQARGGROUPNO ) VALUES ( 
1300023, 5112, 10, NULL, 1, NULL, 1300102, NULL, NULL, SYSDATE, 0, 0, 0, NULL, NULL); 

INSERT INTO G3E_TABATTRIBUTE ( G3E_TANO, G3E_ANO, G3E_ORDINAL, G3E_PNO, G3E_READONLY, G3E_DEFAULT,
G3E_DTNO, G3E_FIELDVALUEFILTER, G3E_TRAVERSALANO, G3E_EDITDATE, G3E_REFRESH, G3E_TRIGGERPOPULATE,
G3E_USEFILTERTOTRANSLATEKEY, G3E_FKQRINO, G3E_FKQARGGROUPNO ) VALUES ( 
1300024, 5150, 11, NULL, 1, NULL, 1300102, NULL, NULL, SYSDATE, 0, 0, 0, NULL, NULL); 

INSERT INTO G3E_TABATTRIBUTE ( G3E_TANO, G3E_ANO, G3E_ORDINAL, G3E_PNO, G3E_READONLY, G3E_DEFAULT,
G3E_DTNO, G3E_FIELDVALUEFILTER, G3E_TRAVERSALANO, G3E_EDITDATE, G3E_REFRESH, G3E_TRIGGERPOPULATE,
G3E_USEFILTERTOTRANSLATEKEY, G3E_FKQRINO, G3E_FKQARGGROUPNO ) VALUES ( 
1300025, 5110, 12, NULL, 1, NULL, 1300102, NULL, NULL, SYSDATE, 0, 0, 0, NULL, NULL); 

INSERT INTO G3E_TABATTRIBUTE ( G3E_TANO, G3E_ANO, G3E_ORDINAL, G3E_PNO, G3E_READONLY, G3E_DEFAULT,
G3E_DTNO, G3E_FIELDVALUEFILTER, G3E_TRAVERSALANO, G3E_EDITDATE, G3E_REFRESH, G3E_TRIGGERPOPULATE,
G3E_USEFILTERTOTRANSLATEKEY, G3E_FKQRINO, G3E_FKQARGGROUPNO ) VALUES ( 
1300026, 5152, 13, NULL, 0, NULL, 1300102, NULL, NULL, SYSDATE, 0, 0, 0, NULL, NULL); 


COMMIT;

-- Placement Tab attributes

INSERT INTO G3E_TABATTRIBUTE ( G3E_TANO, G3E_ANO, G3E_ORDINAL, G3E_PNO, G3E_READONLY, G3E_DEFAULT,
G3E_DTNO, G3E_FIELDVALUEFILTER, G3E_TRAVERSALANO, G3E_EDITDATE, G3E_REFRESH, G3E_TRIGGERPOPULATE,
G3E_USEFILTERTOTRANSLATEKEY, G3E_FKQRINO, G3E_FKQARGGROUPNO ) VALUES ( 
1300027, 1300006, 1, NULL, 0, NULL, 1300101, NULL, NULL, SYSDATE
, 0, 0, 0, NULL, NULL); 

INSERT INTO G3E_TABATTRIBUTE ( G3E_TANO, G3E_ANO, G3E_ORDINAL, G3E_PNO, G3E_READONLY, G3E_DEFAULT,
G3E_DTNO, G3E_FIELDVALUEFILTER, G3E_TRAVERSALANO, G3E_EDITDATE, G3E_REFRESH, G3E_TRIGGERPOPULATE,
G3E_USEFILTERTOTRANSLATEKEY, G3E_FKQRINO, G3E_FKQARGGROUPNO ) VALUES ( 
1300028, 1300007, 2, NULL, 0, NULL, 1300101, NULL, NULL, SYSDATE
, 0, 0, 0, NULL, NULL); 

INSERT INTO G3E_TABATTRIBUTE ( G3E_TANO, G3E_ANO, G3E_ORDINAL, G3E_PNO, G3E_READONLY, G3E_DEFAULT,
G3E_DTNO, G3E_FIELDVALUEFILTER, G3E_TRAVERSALANO, G3E_EDITDATE, G3E_REFRESH, G3E_TRIGGERPOPULATE,
G3E_USEFILTERTOTRANSLATEKEY, G3E_FKQRINO, G3E_FKQARGGROUPNO ) VALUES ( 
1300029, 1300008, 3, NULL, 0, NULL, 1300101, NULL, NULL, SYSDATE
, 0, 0, 0, NULL, NULL); 


INSERT INTO G3E_TABATTRIBUTE ( G3E_TANO, G3E_ANO, G3E_ORDINAL, G3E_PNO, G3E_READONLY, G3E_DEFAULT,
G3E_DTNO, G3E_FIELDVALUEFILTER, G3E_TRAVERSALANO, G3E_EDITDATE, G3E_REFRESH, G3E_TRIGGERPOPULATE,
G3E_USEFILTERTOTRANSLATEKEY, G3E_FKQRINO, G3E_FKQARGGROUPNO ) VALUES ( 
1300030, 1300009, 4, NULL, 0, NULL, 1300101, NULL, NULL, SYSDATE, 0, 0, 0, NULL, NULL); 

INSERT INTO G3E_TABATTRIBUTE ( G3E_TANO, G3E_ANO, G3E_ORDINAL, G3E_PNO, G3E_READONLY, G3E_DEFAULT,
G3E_DTNO, G3E_FIELDVALUEFILTER, G3E_TRAVERSALANO, G3E_EDITDATE, G3E_REFRESH, G3E_TRIGGERPOPULATE,
G3E_USEFILTERTOTRANSLATEKEY, G3E_FKQRINO, G3E_FKQARGGROUPNO ) VALUES ( 
1300031, 5111, 5, NULL, 0, NULL, 1300101, NULL, NULL, SYSDATE, 0, 0, 0, NULL, NULL); 

INSERT INTO G3E_TABATTRIBUTE ( G3E_TANO, G3E_ANO, G3E_ORDINAL, G3E_PNO, G3E_READONLY, G3E_DEFAULT,
G3E_DTNO, G3E_FIELDVALUEFILTER, G3E_TRAVERSALANO, G3E_EDITDATE, G3E_REFRESH, G3E_TRIGGERPOPULATE,
G3E_USEFILTERTOTRANSLATEKEY, G3E_FKQRINO, G3E_FKQARGGROUPNO ) VALUES ( 
1300032, 5108, 6, NULL, 0, NULL, 1300101, NULL, NULL, SYSDATE, 0, 0, 0, NULL, NULL); 

INSERT INTO G3E_TABATTRIBUTE ( G3E_TANO, G3E_ANO, G3E_ORDINAL, G3E_PNO, G3E_READONLY, G3E_DEFAULT,
G3E_DTNO, G3E_FIELDVALUEFILTER, G3E_TRAVERSALANO, G3E_EDITDATE, G3E_REFRESH, G3E_TRIGGERPOPULATE,
G3E_USEFILTERTOTRANSLATEKEY, G3E_FKQRINO, G3E_FKQARGGROUPNO ) VALUES ( 
1300033, 5107, 7, NULL, 1, NULL, 1300101, NULL, NULL, SYSDATE, 0, 0, 0, NULL, NULL); 

INSERT INTO G3E_TABATTRIBUTE ( G3E_TANO, G3E_ANO, G3E_ORDINAL, G3E_PNO, G3E_READONLY, G3E_DEFAULT,
G3E_DTNO, G3E_FIELDVALUEFILTER, G3E_TRAVERSALANO, G3E_EDITDATE, G3E_REFRESH, G3E_TRIGGERPOPULATE,
G3E_USEFILTERTOTRANSLATEKEY, G3E_FKQRINO, G3E_FKQARGGROUPNO ) VALUES ( 
1300034, 5106, 8, NULL, 1, NULL, 1300101, NULL, NULL, SYSDATE, 0, 0, 0, NULL, NULL); 

INSERT INTO G3E_TABATTRIBUTE ( G3E_TANO, G3E_ANO, G3E_ORDINAL, G3E_PNO, G3E_READONLY, G3E_DEFAULT,
G3E_DTNO, G3E_FIELDVALUEFILTER, G3E_TRAVERSALANO, G3E_EDITDATE, G3E_REFRESH, G3E_TRIGGERPOPULATE,
G3E_USEFILTERTOTRANSLATEKEY, G3E_FKQRINO, G3E_FKQARGGROUPNO ) VALUES ( 
1300035, 5117, 9, NULL, 1, NULL, 1300101, NULL, NULL, SYSDATE, 0, 0, 0, NULL, NULL); 

INSERT INTO G3E_TABATTRIBUTE ( G3E_TANO, G3E_ANO, G3E_ORDINAL, G3E_PNO, G3E_READONLY, G3E_DEFAULT,
G3E_DTNO, G3E_FIELDVALUEFILTER, G3E_TRAVERSALANO, G3E_EDITDATE, G3E_REFRESH, G3E_TRIGGERPOPULATE,
G3E_USEFILTERTOTRANSLATEKEY, G3E_FKQRINO, G3E_FKQARGGROUPNO ) VALUES ( 
1300036, 5112, 10, NULL, 1, NULL, 1300101, NULL, NULL, SYSDATE, 0, 0, 0, NULL, NULL); 

INSERT INTO G3E_TABATTRIBUTE ( G3E_TANO, G3E_ANO, G3E_ORDINAL, G3E_PNO, G3E_READONLY, G3E_DEFAULT,
G3E_DTNO, G3E_FIELDVALUEFILTER, G3E_TRAVERSALANO, G3E_EDITDATE, G3E_REFRESH, G3E_TRIGGERPOPULATE,
G3E_USEFILTERTOTRANSLATEKEY, G3E_FKQRINO, G3E_FKQARGGROUPNO ) VALUES ( 
1300037, 5150, 11, NULL, 1, NULL, 1300101, NULL, NULL, SYSDATE, 0, 0, 0, NULL, NULL); 

INSERT INTO G3E_TABATTRIBUTE ( G3E_TANO, G3E_ANO, G3E_ORDINAL, G3E_PNO, G3E_READONLY, G3E_DEFAULT,
G3E_DTNO, G3E_FIELDVALUEFILTER, G3E_TRAVERSALANO, G3E_EDITDATE, G3E_REFRESH, G3E_TRIGGERPOPULATE,
G3E_USEFILTERTOTRANSLATEKEY, G3E_FKQRINO, G3E_FKQARGGROUPNO ) VALUES ( 
1300038, 5110, 12, NULL, 1, NULL, 1300101, NULL, NULL, SYSDATE, 0, 0, 0, NULL, NULL); 

INSERT INTO G3E_TABATTRIBUTE ( G3E_TANO, G3E_ANO, G3E_ORDINAL, G3E_PNO, G3E_READONLY, G3E_DEFAULT,
G3E_DTNO, G3E_FIELDVALUEFILTER, G3E_TRAVERSALANO, G3E_EDITDATE, G3E_REFRESH, G3E_TRIGGERPOPULATE,
G3E_USEFILTERTOTRANSLATEKEY, G3E_FKQRINO, G3E_FKQARGGROUPNO ) VALUES ( 
1300039, 5152, 13, NULL, 0, NULL, 1300101, NULL, NULL, SYSDATE, 0, 0, 0, NULL, NULL); 

COMMIT;



---------------------------------------------------------------------------------------------------------
--   PASSO 33: Definir os modos como os componentes serão criados
----------------------------------------------------------------------------------------------------------

INSERT INTO G3E_COMPCONFIGURATION ( G3E_CCROWNO, G3E_CCNO, G3E_USERNAME, G3E_FNO, G3E_CNO
, G3E_ORDINAL, G3E_AUTOREPEAT, G3E_PINO, G3E_INTERFACEARGUMENT, G3E_REFRESH ) VALUES ( 
1300101, 13001, '[MUB]TUP+Texto', 13000, 13020, 1, 0, 7, '0C20010000001000000001000000010000000C20010000001000000000000000050000000800000000000300000026004800390008000000000000000000080000000000000000000800000000000000000008000000000000000000080000000000000000000000000000000000000000000000000000000000000000000000000000000000000000000000000000000000000000000000000000000000000000000000000000000000000000000000000000000000000000000000000000000000000000000000000000000000000000000000000000000000000000000000000000000000000000000000000000000000000000000000000000000000000000000000000000000000000000000000000000000000000000000000000000000000000000000000000000000000000000000000000000000000000000000000000000000000000000000000000000000000000000000000000000000000000000000000000000000000000000000000000000000000000000000000000000000000000000000000000000000000000000000000000000000000000000000000000000000000000000000000000000000000000000000000000000000000000000000000000000000000000000000000000000000000000000000000000000000000000000000000000000000000000000000000000000000000000000000000',0);

INSERT INTO G3E_COMPCONFIGURATION ( G3E_CCROWNO, G3E_CCNO, G3E_USERNAME, G3E_FNO, G3E_CNO
, G3E_ORDINAL, G3E_AUTOREPEAT, G3E_PINO, G3E_INTERFACEARGUMENT, G3E_REFRESH) VALUES ( 
1300102, 13001, '[MUB]TUP+Texto', 13000, 13030, 2, 0, 7, '0C20010000001000000001000000010000000C20010000001000000000000000050000000800000000000300000026004800390008000000000000000000080000000000000000000800000000000000000008000000000000000000080000000000000000000000000000000000000000000000000000000000000000000000000000000000000000000000000000000000000000000000000000000000000000000000000000000000000000000000000000000000000000000000000000000000000000000000000000000000000000000000000000000000000000000000000000000000000000000000000000000000000000000000000000000000000000000000000000000000000000000000000000000000000000000000000000000000000000000000000000000000000000000000000000000000000000000000000000000000000000000000000000000000000000000000000000000000000000000000000000000000000000000000000000000000000000000000000000000000000000000000000000000000000000000000000000000000000000000000000000000000000000000000000000000000000000000000000000000000000000000000000000000000000000000000000000000000000000000000000000000000000000000000000000000000000000000000000000000000000000000000',0);

INSERT INTO G3E_PLACEMENTCONFIGURATION ( G3E_PCROWNO, G3E_PCNO, G3E_USERNAME, G3E_FNO
,G3E_ORDINAL, G3E_AUTOREPEAT, G3E_PINO,G3E_FEATUREINDEX, G3E_REFRESH, G3E_REQUIRED
, G3E_REPEATING, G3E_CCNO, G3E_PLACECOMPONENT ) VALUES ( 
1300101, 13001, 'TUP', 13000, 1, 0, 7, 1, 0, 1, 0,13001,1); 

-- Passo 29
INSERT INTO G3E_PLACEMENTSELECTION ( G3E_PCNO, G3E_FNO, G3E_USERNAME, G3E_LEVEL, G3E_ORDINAL,
G3E_EDITDATE, G3E_PSROWNO, G3E_LOCALECOMMENT, G3E_ICONORDINAL,
G3E_ROLE ) 
VALUES (13001, NULL, 'TUP', 2, 12, SYSDATE, 103, NULL, 0, 'EVERYONE'); 

COMMIT;

---------------------------------------------------------------------------------------------------------
--   PASSO 34: Executar scripts de criação de campos gdo e triggers
----------------------------------------------------------------------------------------------------------
Execute g3e_metadata.create_gdometadata;
execute GDOTriggers.Create_GDOTriggers;


insert into publicador_ddc values (59, 'TUP', 'rede', 100);

insert into publicador_ddc_view values ( 448, 59, 'VGC_TUP_T'); 

insert into publicador_ddc_view values ( 449, 59, 'VGC_TUP_S'); 

COMMIT;


---------------------------------------------------------------------------------------------------------
--   PASSO 35: Publicar  dados e metadados 
-- Não esquecer de adicionar o novo DDC de TUP aos arquivos UDB
----------------------------------------------------------------------------------------------------------

SPOOL OFF;


