--Script de criação de uma entidade para o Modelo de dados do G/Tech 10
--Script criado com base no tópico do help "Defining or Modifying a Component in a Existing Data Model"
--Luis Henrique Yoshiaki Tangafrouxa Motoyama 17/05/2016

SET ECHO ON;
SPOOL IBGE_FEATURES.LOG;

------------------------------------------------------------------------------------------------------------------------------------------------------------
-------------------------------------------------------------------Municipio-----------------------------------------------------------------------------------
------------------------------------------------------------------------------------------------------------------------------------------------------------
create table GC_MUNICIPIO_IBGE (
G3E_ID NUMBER(10,0),
G3E_FNO NUMBER(5,0),
G3E_CNO NUMBER(5,0),
G3E_FID NUMBER(10,0),
G3E_CID NUMBER(10,0),
OSM_ID NUMBER(10,0),
NAME_MUNICIPIO VARCHAR2(48),
ESTADO VARCHAR2(48),
UF VARCHAR2(2),
POPULACAO VARCHAR2(21),
PIB VARCHAR2(21),
CODIGO_IBGE VARCHAR2(21)
)
/

--Passo 1
--Criar Tabela de Componente Gráfico para a entidade Municipio
create table GC_MUNICIPIO_IBGE_P (
G3E_ID NUMBER(10,0),
G3E_FNO NUMBER(5,0),
G3E_CNO NUMBER(5,0),
G3E_FID NUMBER(10,0),
G3E_CID NUMBER(10,0),
G3E_GEOMETRY SDO_GEOMETRY
)
/

--insert into g3e_component (G3E_CNO, G3E_USERNAME, G3E_NAME, G3E_TOOLTIP, G3E_TYPE, G3E_GEOMETRYTYPE, G3E_TABLE, G3E_DETAIL, G3E_ALIGNMENTFIELD, G3E_DCNO, G3E_DTNO, G3E_GEOMETRYFIELD, G3E_SUBSETATTRIBUTE, G3E_EDITDATE, G3E_SUBTYPE, G3E_LOCALECOMMENT, G3E_LRNO, G3E_PARTITIONATTRIBUTE, G3E_LTT)
INSERT INTO G3E_COMPONENT VALUES (21701, 'Municipio IBGE', 'GC_MUNICIPIO_IBGE','Municipio', 1, NULL, 'GC_MUNICIPIO_IBGE', 0, NULL, 31, NULL, NULL, NULL, SYSDATE, NULL, NULL, NULL, NULL, 0);
COMMIT;

--PASSO 2
--INSERIR NA TABELA DE COMPONENTES
--RELACIONADO AO COMPONENTE GRÁFICO
-- insert into g3e_component (G3E_CNO, G3E_USERNAME, G3E_NAME, G3E_TOOLTIP, G3E_TYPE, G3E_GEOMETRYTYPE, G3E_TABLE, G3E_DETAIL, G3E_ALIGNMENTFIELD, G3E_DCNO, G3E_DTNO, G3E_GEOMETRYFIELD, G3E_SUBSETATTRIBUTE, G3E_EDITDATE, G3E_SUBTYPE, G3E_LOCALECOMMENT, G3E_LRNO, G3E_PARTITIONATTRIBUTE, G3E_LTT)
INSERT INTO G3E_COMPONENT VALUES (21710, 'Municipio Polygon', 'GC_MUNICIPIO_IBGE_P','Municipio Polygon', 8, 'PolygonGeometry', 'GC_MUNICIPIO_IBGE_P', 0, NULL, 31, NULL, 'G3E_GEOMETRY', NULL, SYSDATE, NULL, NULL, NULL, NULL, 0);
COMMIT;

--PASSO 3
--RELACIONAR O COMPONENTE COM UMA FEATURE
--insert into g3e_feature (G3E_FNO, G3E_USERNAME, G3E_TOOLTIP, G3E_PRIMARYGEOGRAPHICCNO, G3E_PRIMARYATTRIBUTECNO, G3E_DCNO, G3E_PRIMARYDETAILCNO, G3E_NUMBEROFNODES, G3E_IMPORTFEATURENAME, G3E_REPLACE, G3E_NAME, G3E_EDITDATE, G3E_LOCALECOMMENT, G3E_MERGE, G3E_CLASSIFICATIONANO, G3E_IDENTIFIERVIEW, G3E_BULKEDIT, G3E_ICONORDINAL, G3E_EDITROLE, G3E_SELECTROLE, G3E_DELETEROLE, G3E_RINO, G3E_RIARGGROUPNO, G3E_PRIMARYSCHEMCNO, G3E_SECONDARYSCHEMCNO, G3E_LABELSCHEMCNO)
INSERT INTO G3E_FEATURE VALUES (21700, 'Municipio IBGE', 'Municipio', 21710, 21701, 31, null, null, null, 0, null, sysdate, null, 1, null, null, 0, null, 'EVERYONE', 'EVERYONE', 'EVERYONE', NULL, NULL, NULL, NULL, NULL, 'EVERYONE');
COMMIT;

INSERT INTO G3E_FEATURECOMPONENT VALUES(21701, 21700, 21701, 1, 0, 0, 7, 1, NULL, NULL, 1, 1, 0, NULL, 1, SYSDATE, 1, 3, 4, 3, 1, NULL, 0, 0, NULL, NULL, 1, NULL, NULL, NULL, 1,  NULL, NULL, NULL, 0, NULL);
COMMIT;

--RELACIONADO AO COMPONENTE GRÁFICO
--insert into g3e_featurecomponent (G3E_FCNO, G3E_FNO, G3E_CNO, G3E_REQUIRED, G3E_REPEATING, G3E_AUTOREPEAT, G3E_PINO, G3E_ORDINAL, G3E_INTERFACEARGUMENT, G3E_DERIVEDFROMCNO, G3E_INSERTORDINAL, G3E_DELETEORDINAL, G3E_REFRESH, G3E_ALTERNATEREQUIREDCNO, G3E_REPLACE, G3E_EDITDATE, G3E_BREAKACTION, G3E_COMPONENTELIMINATION, G3E_COMPONENTASSIGNMENT, G3E_COMPONENTADJUSTMENT, G3E_GEOPROXIMITYTOLERANCE, G3E_BREAKLINEARCNO, G3E_ALTERNATEGEOGRAPHIC, G3E_ALTERNATEGEOORDINAL, G3E_RINO, G3E_RIARGGROUPNO, G3E_INCLUDEINPLACEMENT, G3E_MERGEMAXDISTANCE, G3E_MERGECOMMONPRECOND, G3E_MERGEPRECOND, G3E_MERGEOCCURRENCES, G3E_MERGERINO, G3E_MERGERIARGGROUPNO, G3E_CCNO, G3E_GENERATE, G3E_DETAILPLACEMENTCNO)
INSERT INTO G3E_FEATURECOMPONENT VALUES(21710, 21700, 21710, 1, 0, 0, 7, 2, NULL, NULL, 2, 2, 0, NULL, 1, SYSDATE, 1, 2, 2, 1, 1, NULL, 0, 0, NULL, NULL, 1, NULL, NULL, NULL, 1,  NULL, NULL, NULL, 0, NULL);
COMMIT;

--PASSO 4A
--CRIAR VIEWS DE COMPONENTE
CREATE OR REPLACE VIEW VGC_MUNICIPIO_IBGE_P AS
SELECT A.G3E_ID, A.G3E_FNO, A.G3E_CNO, A.G3E_FID, A.G3E_CID, G3E_GEOMETRY FROM GC_MUNICIPIO_IBGE_P A
/

--PASSO 4B
--CRIAR DEFINIÇÕES DA VIEW
--INSERIR SEM G3E_LENO (1o NULL)
INSERT INTO G3E_COMPONENTVIEWDEFINITION VALUES(21710, 'VGC_MUNICIPIO_IBGE_P', 21700, 21710, NULL, NULL, SYSDATE, 0);
COMMIT;

INSERT INTO G3E_COMPONENTVIEWCOMPOSITION VALUES(217010, 21710, 21710, NULL, SYSDATE, 21700);
COMMIT;

--insert into g3e_attribute (G3E_ANO, G3E_CNO, G3E_VNO, G3E_FIELD, G3E_USERNAME, G3E_FORMAT, G3E_PRECISION, G3E_DOMAINTABLE, G3E_DOMAINFIELD, G3E_REQUIRED, G3E_FINO, G3E_FUNCTIONALORDINAL, G3E_FUNCTIONALTYPE, G3E_INTERFACEARGUMENT, G3E_TOOLTIP, G3E_FOREIGNKEYTABLE, G3E_FOREIGNKEYFIELD, G3E_HYPERTEXT, G3E_PNO, G3E_COPY, G3E_EXCLUDEFROMEDIT, G3E_DATATYPE, G3E_ADDITIONALREFFIELDS, G3E_IMPORTFIELD, G3E_EXCLUDEFROMREPLACE, G3E_EDITDATE, G3E_WIDTHINTWIPS, G3E_CATALOGCOPYVALUE, G3E_LOCALECOMMENT, G3E_BREAKCOPY, G3E_COPYATTRIBUTE, G3E_WRAPTEXT, G3E_MERGEEXPRESSION, G3E_RINO, G3E_RIARGGROUPNO, G3E_UNIQUE, G3E_COMPRELATIVEANO, G3E_FUNCTIONALVALIDATION, G3E_ROLE, G3E_FKQRINO, G3E_FKQARGGROUPNO, G3E_DESCRIPTION)
INSERT INTO G3E_ATTRIBUTE VALUES(2170101, 21701, NULL, 'OSM_ID', 'ID Open Street Maps', NULL, NULL, NULL, NULL, 0,
NULL, NULL, NULL, NULL, NULL, NULL, NULL, NULL, NULL, 0, 0, 10, NULL, NULL, 0, SYSDATE,  NULL, NULL, NULL, 0, 0, 1,
NULL, NULL, NULL, 0, NULL, 1, 'EVERYONE', NULL, NULL, NULL);
COMMIT;

INSERT INTO G3E_ATTRIBUTE VALUES(2170102, 21701, NULL, 'NAME_MUNICIPIO', 'Name', NULL, NULL, NULL, NULL, 0,
NULL, NULL, NULL, NULL, NULL, NULL, NULL, NULL, NULL, 0, 0, 10, NULL, NULL, 0, SYSDATE,  NULL, NULL, NULL, 0, 0, 1,
NULL, NULL, NULL, 0, NULL, 1, 'EVERYONE', NULL, NULL, NULL);
COMMIT;

INSERT INTO G3E_ATTRIBUTE VALUES(2170103, 21701, NULL, 'ESTADO', 'Estado', NULL, NULL, NULL, NULL, 0,
NULL, NULL, NULL, NULL, NULL, NULL, NULL, NULL, NULL, 0, 0, 10, NULL, NULL, 0, SYSDATE,  NULL, NULL, NULL, 0, 0, 1,
NULL, NULL, NULL, 0, NULL, 1, 'EVERYONE', NULL, NULL, NULL);
COMMIT;

INSERT INTO G3E_ATTRIBUTE VALUES(2170104, 21701, NULL, 'UF', 'UF', NULL, NULL, NULL, NULL, 0,
NULL, NULL, NULL, NULL, NULL, NULL, NULL, NULL, NULL, 0, 0, 10, NULL, NULL, 0, SYSDATE,  NULL, NULL, NULL, 0, 0, 1,
NULL, NULL, NULL, 0, NULL, 1, 'EVERYONE', NULL, NULL, NULL);
COMMIT;

INSERT INTO G3E_ATTRIBUTE VALUES(2170105, 21701, NULL, 'POPULACAO', 'População', NULL, NULL, NULL, NULL, 0,
NULL, NULL, NULL, NULL, NULL, NULL, NULL, NULL, NULL, 0, 0, 10, NULL, NULL, 0, SYSDATE,  NULL, NULL, NULL, 0, 0, 1,
NULL, NULL, NULL, 0, NULL, 1, 'EVERYONE', NULL, NULL, NULL);
COMMIT;

INSERT INTO G3E_ATTRIBUTE VALUES(2170106, 21701, NULL, 'PIB', 'PIB', NULL, NULL, NULL, NULL, 0,
NULL, NULL, NULL, NULL, NULL, NULL, NULL, NULL, NULL, 0, 0, 10, NULL, NULL, 0, SYSDATE,  NULL, NULL, NULL, 0, 0, 1,
NULL, NULL, NULL, 0, NULL, 1, 'EVERYONE', NULL, NULL, NULL);
COMMIT;

INSERT INTO G3E_ATTRIBUTE VALUES(2170107, 21701, NULL, 'CODIGO_IBGE', 'Código do IBGE', NULL, NULL, NULL, NULL, 0,
NULL, NULL, NULL, NULL, NULL, NULL, NULL, NULL, NULL, 0, 0, 10, NULL, NULL, 0, SYSDATE,  NULL, NULL, NULL, 0, 0, 1,
NULL, NULL, NULL, 0, NULL, 1, 'EVERYONE', NULL, NULL, NULL);
COMMIT;

--PASSO 5
--CRIAR ATRIBUTOS
--insert into g3e_attribute (G3E_ANO, G3E_CNO, G3E_VNO, G3E_FIELD, G3E_USERNAME, G3E_FORMAT, G3E_PRECISION, G3E_DOMAINTABLE, G3E_DOMAINFIELD, G3E_REQUIRED, G3E_FINO, G3E_FUNCTIONALORDINAL, G3E_FUNCTIONALTYPE, G3E_INTERFACEARGUMENT, G3E_TOOLTIP, G3E_FOREIGNKEYTABLE, G3E_FOREIGNKEYFIELD, G3E_HYPERTEXT, G3E_PNO, G3E_COPY, G3E_EXCLUDEFROMEDIT, G3E_DATATYPE, G3E_ADDITIONALREFFIELDS, G3E_IMPORTFIELD, G3E_EXCLUDEFROMREPLACE, G3E_EDITDATE, G3E_WIDTHINTWIPS, G3E_CATALOGCOPYVALUE, G3E_LOCALECOMMENT, G3E_BREAKCOPY, G3E_COPYATTRIBUTE, G3E_WRAPTEXT, G3E_MERGEEXPRESSION, G3E_RINO, G3E_RIARGGROUPNO, G3E_UNIQUE, G3E_COMPRELATIVEANO, G3E_FUNCTIONALVALIDATION, G3E_ROLE, G3E_FKQRINO, G3E_FKQARGGROUPNO, G3E_DESCRIPTION)
INSERT INTO G3E_ATTRIBUTE VALUES(2171001, 21710, NULL, 'G3E_ID', 'LTT ID GComms', 'General Number', NULL, NULL, NULL, 0,
NULL, NULL, NULL, NULL, NULL, NULL, NULL, NULL, NULL, 0, 0, 4, NULL, NULL, 0, SYSDATE,  NULL, NULL, NULL, 0, 0, 1,
NULL, NULL, NULL, 0, NULL, 1, 'EVERYONE', NULL, NULL, NULL);
COMMIT;

INSERT INTO G3E_ATTRIBUTE VALUES(2171002, 21710, NULL, 'G3E_FNO', 'Número da Entidade GComms', 'General Number', NULL, NULL, NULL, 0,
NULL, NULL, NULL, NULL, NULL, NULL, NULL, NULL, NULL, 0, 0, 4, NULL, NULL, 0, SYSDATE,  NULL, NULL, NULL, 0, 0, 1,
NULL, NULL, NULL, 0, NULL, 1, 'EVERYONE', NULL, NULL, NULL);
COMMIT;

INSERT INTO G3E_ATTRIBUTE VALUES(2171003, 21710, NULL, 'G3E_CNO', ' Número do Componente GComms', 'General Number', NULL, NULL, NULL, 0,
NULL, NULL, NULL, NULL, NULL, NULL, NULL, NULL, NULL, 0, 0, 4, NULL, NULL, 0, SYSDATE,  NULL, NULL, NULL, 0, 0, 1,
NULL, NULL, NULL, 0, NULL, 1, 'EVERYONE', NULL, NULL, NULL);
COMMIT;

INSERT INTO G3E_ATTRIBUTE VALUES(2171004, 21710, NULL, 'G3E_FID', 'ID da Entidade GComms', 'General Number', NULL, NULL, NULL, 0,
NULL, NULL, NULL, NULL, NULL, NULL, NULL, NULL, NULL, 0, 0, 4, NULL, NULL, 0, SYSDATE,  NULL, NULL, NULL, 0, 0, 1,
NULL, NULL, NULL, 0, NULL, 1, 'EVERYONE', NULL, NULL, NULL);
COMMIT;

INSERT INTO G3E_ATTRIBUTE VALUES(2171005, 21710, NULL, 'G3E_CID', 'ID do Componente GComms', 'General Number', NULL, NULL, NULL, 0,
NULL, NULL, NULL, NULL, NULL, NULL, NULL, NULL, NULL, 0, 0, 4, NULL, NULL, 0, SYSDATE,  NULL, NULL, NULL, 0, 0, 1,
NULL, NULL, NULL, 0, NULL, 1, 'EVERYONE', NULL, NULL, NULL);
COMMIT;

INSERT INTO G3E_ATTRIBUTE VALUES(2171006, 21710, NULL, 'G3E_GEOMETRY', 'Geometria GComms', '', NULL, NULL, NULL, 0,
NULL, NULL, NULL, NULL, NULL, NULL, NULL, NULL, NULL, 0, 0, 32, NULL, NULL, 0, SYSDATE,  NULL, NULL, NULL, 1, 0, 1,
NULL, NULL, NULL, 0, NULL, 1, 'EVERYONE', NULL, NULL, NULL);
COMMIT;


--PASSO 6
execute MG3ElanguageSubTableUtils.SynchronizeSubTables;
COMMIT;
execute MG3EOTCreateOptimizedTables;
COMMIT;
execute MG3ECreateOptableViews;
COMMIT;

--PASSO 7
execute G3EOneTable.InstallOneTable('GC_MUNICIPIO_IBGE');
COMMIT;
execute G3EOneTable.InstallOneTable('GC_MUNICIPIO_IBGE_P');
COMMIT;

--PASSO 8
execute LTT_Role.Create_Public_Synonym;
COMMIT;
execute LTT_Role.Create_Component_View_Synonym;
COMMIT;
execute LTT_Role.Grant_Privs_To_Role;
COMMIT;

--DE AGORA EM DIANTE SEGUE FORA DO ROTEIRO, QUE INCLUI CRIAR REGRAS DE ESTILO, INSERIR NA LEGENDA E ETC...
--1 CRIAR REGRA DE ESTILOS
--INSERIR NA G3E_POINTSTYLE
--LINHA DA RAILWAY
insert into G3E_LINESTYLE (G3E_SNO, G3E_USERNAME, G3E_COLOR, G3E_WIDTH, G3E_OFFSET, G3E_STARTSYMBOL, G3E_ENDSYMBOL, G3E_STROKEPATTERN, G3E_PLOTREDLINE, G3E_EDITDATE, G3E_STYLEUNITS, G3E_TRANSLUCENCY)
values (217000011, 'Polygon Municipio', 12611584, 1, 0, null, null, 100, 1, SYSDATE, 1, null);
commit;

--INSERIR NA G3E_STYLERULE
insert into g3e_stylerule (G3E_SRROWNO, G3E_SRNO, G3E_RULE, G3E_FILTER, G3E_FILTERORDINAL, G3E_SNO, G3E_EDITDATE, G3E_DESCRIPTION, G3E_LOCALECOMMENT)
values (217000001, 2170001, 'Polygon Municipio', null, 99, 217000011, SYSDATE, 'Polygon Municipio', null);
COMMIT;

--2 INSERIR NA LEGENDENTRY
-- insert into g3e_legendentry (G3E_LENO, G3E_LEGENDENTRY, G3E_USERNAME, G3E_VNO, G3E_SRNO, G3E_LRNO, G3E_EDITDATE, G3E_ROLE, G3E_LAYERNAME, G3E_LOCALECOMMENT, G3E_TRANSLUCENCY, G3E_FILLTRANSLUCENCY)
INSERT INTO G3E_LEGENDENTRY VALUES(21710, 'VGC_MUNICIPIO_IBGE_P', 'Polygon Municipio', 21710, 2170001, NULL, SYSDATE, 'EVERYONE', NULL, NULL, NULL, NULL);
COMMIT;

--Referenciando a G3E_leno na componentview
UPDATE G3E_COMPONENTVIEWDEFINITION SET G3E_LENO = 21710 WHERE G3E_VNO = 21710;
COMMIT;


--3 INSERIR NO CONTROLE DE EXIBIÇÃO DE LEGENDA
INSERT INTO G3E_LEGGEO_DEFDSP VALUES('Municipio', 'Municipio', 2, (select max(g3e_ordinal) + 1 from G3E_LEGGEO_DEFDSP), 0, sysdate, (select max(g3e_dcrowno) + 1 from G3E_LEGGEO_DEFDSP), NULL, NULL);
COMMIT;

--3 INSERIR NO CONTROLE DE EXIBIÇÃO DE LEGENDA
INSERT INTO G3E_LEGGEO_DEFDSP VALUES('VGC_MUNICIPIO_IBGE_P', 'Polygon Municipio', 3, (select max(g3e_ordinal) + 1 from G3E_LEGGEO_DEFDSP), 1, sysdate, (select max(g3e_dcrowno) + 1 from G3E_LEGGEO_DEFDSP), NULL, NULL);
COMMIT;

--4 INSERIR NA LEGENDA
INSERT INTO G3E_LEGGEO_DEFAULT VALUES(21710, NULL, 21, SYSDATE);
COMMIT;
--UPDATE NA G3E_LEGGEO_DEFAU
UPDATE G3E_LEGGEO_DEFAU SET G3E_DISPLAYSCALEMIN = 1, G3E_DISPLAYSCALEMAX = 3000000 WHERE G3E_LENO = 21710;
COMMIT;

--5 INSERIR NA INSERÇÃO DE FEATURE

INSERT INTO G3E_PLACEMENTSELECTION VALUES(NULL, 21700, 'Municipio', 2, (select max(g3e_ordinal) + 1 from g3e_placementselection), sysdate, (select max(g3e_psrowno) + 1 from G3E_PLACEMENTSELECTION), NULL, (select max(g3e_iconordinal) + 1 from G3E_PLACEMENTSELECTION), 'EVERYONE');
COMMIT;

--6 INSERIR DIALOGSTAB
INSERT INTO G3E_DIALOGTAB VALUES (2170001, 'Municipio', 'V', SYSDATE, NULL ,NULL, NULL, NULL);
INSERT INTO G3E_DIALOGTAB VALUES (2170002, 'Municipio', 'V', SYSDATE, NULL ,NULL, NULL, NULL);
INSERT INTO G3E_DIALOGTAB VALUES (2170003, 'Municipio', 'V', SYSDATE, NULL ,NULL, NULL, NULL);
COMMIT;

--7 INSERIR DIALOG
INSERT INTO G3E_DIALOG VALUES(2170001, 21701, 'Placement', 21700, 1, null, 2170001, sysdate);
commit;
INSERT INTO G3E_DIALOG VALUES(2170002, 21702, 'Edit', 21700, 2, null, 2170002, sysdate);
commit;
INSERT INTO G3E_DIALOG VALUES(2170003, 21703, 'Review', 21700, 3, null, 2170003, sysdate);
commit;

--8 INSERIR TABATTRIBUTES
--PLACEMENT
-- insert into g3e_tabattribute (G3E_TANO, G3E_ANO, G3E_ORDINAL, G3E_PNO, G3E_READONLY, G3E_DEFAULT, G3E_REFRESH, G3E_DTNO, G3E_FIELDVALUEFILTER, G3E_TRAVERSALANO, G3E_EDITDATE, G3E_TRIGGERPOPULATE, G3E_USEFILTERTOTRANSLATEKEY, G3E_FKQRINO, G3E_FKQARGGROUPNO)
insert into g3e_tabattribute values(217000101, 2170101, 1, NULL, 0, null, 1, 2170001, null, null, sysdate, 1, 0, null, null);
commit;

insert into g3e_tabattribute values(217000102, 2170102, 2, NULL, 0, null, 1, 2170001, null, null, sysdate, 1, 0, null, null);
commit;

insert into g3e_tabattribute values(217000103, 2170103, 3, NULL, 0, null, 1, 2170001, null, null, sysdate, 1, 0, null, null);
commit;

insert into g3e_tabattribute values(217000104, 2170104, 3, NULL, 0, null, 1, 2170001, null, null, sysdate, 1, 0, null, null);
commit;

insert into g3e_tabattribute values(217000105, 2170105, 3, NULL, 0, null, 1, 2170001, null, null, sysdate, 1, 0, null, null);
commit;

insert into g3e_tabattribute values(217000106, 2170106, 3, NULL, 0, null, 1, 2170001, null, null, sysdate, 1, 0, null, null);
commit;

insert into g3e_tabattribute values(217000107, 2170107, 3, NULL, 0, null, 1, 2170001, null, null, sysdate, 1, 0, null, null);
commit;

--EDIT
insert into g3e_tabattribute values(217000201, 2170101, 1, NULL, 0, null, 1, 2170002, null, null, sysdate, 1, 0, null, null);
commit;

insert into g3e_tabattribute values(217000202, 2170102, 2, NULL, 0, null, 1, 2170002, null, null, sysdate, 1, 0, null, null);
commit;

insert into g3e_tabattribute values(217000203, 2170103, 3, NULL, 0, null, 1, 2170002, null, null, sysdate, 1, 0, null, null);
commit;

insert into g3e_tabattribute values(217000204, 2170104, 3, NULL, 0, null, 1, 2170002, null, null, sysdate, 1, 0, null, null);
commit;

insert into g3e_tabattribute values(217000205, 2170105, 3, NULL, 0, null, 1, 2170002, null, null, sysdate, 1, 0, null, null);
commit;

insert into g3e_tabattribute values(217000206, 2170106, 3, NULL, 0, null, 1, 2170002, null, null, sysdate, 1, 0, null, null);
commit;

insert into g3e_tabattribute values(217000207, 2170107, 3, NULL, 0, null, 1, 2170002, null, null, sysdate, 1, 0, null, null);
commit;

--REVIEW
insert into g3e_tabattribute values(217000301, 2170101, 1, null, 1, null, 1, 2170003, null, null, sysdate, 0, 0, null, null);
commit;

insert into g3e_tabattribute values(217000302, 2170102, 2, null, 1, null, 1, 2170003, null, null, sysdate, 0, 0, null, null);
commit;

insert into g3e_tabattribute values(217000303, 2170103, 3, null, 1, null, 1, 2170003, null, null, sysdate, 0, 0, null, null);
commit;

insert into g3e_tabattribute values(217000304, 2170104, 4, null, 1, null, 1, 2170003, null, null, sysdate, 0, 0, null, null);
commit;

insert into g3e_tabattribute values(217000305, 2170105, 5, null, 1, null, 1, 2170003, null, null, sysdate, 0, 0, null, null);
commit;

insert into g3e_tabattribute values(217000306, 2170106, 6, null, 1, null, 1, 2170003, null, null, sysdate, 0, 0, null, null);
commit;

insert into g3e_tabattribute values(217000307, 2170107, 7, null, 1, null, 1, 2170003, null, null, sysdate, 0, 0, null, null);
commit;


--FIND
INSERT INTO G3E_FIND VALUES(G3E_FIND_SEQ.NEXTVAL, 21700, 21701, 2170102, 21701, 2170103, SYSDATE, 'EVERYONE');
INSERT INTO G3E_FIND VALUES(G3E_FIND_SEQ.NEXTVAL, 21700, 21701, 8012414, null, null, SYSDATE, 'EVERYONE');
COMMIT;

------------------------------------------------------------------------------------------------------------------------------------------------------------
-------------------------------------------------------------------ESTADO-----------------------------------------------------------------------------------
------------------------------------------------------------------------------------------------------------------------------------------------------------


create table GC_ESTADO_IBGE (
G3E_ID NUMBER(10,0),
G3E_FNO NUMBER(5,0),
G3E_CNO NUMBER(5,0),
G3E_FID NUMBER(10,0),
G3E_CID NUMBER(10,0),
OSM_ID NUMBER(10,0),
NAME_ESTADO VARCHAR2(48),
SIGLA VARCHAR2(2),
POPULACAO VARCHAR2(21),
CODIGO_IBGE VARCHAR2(21)
)
/

--Passo 1
--Criar Tabela de Componente Gráfico para a entidade Estado
create table GC_ESTADO_IBGE_P (
G3E_ID NUMBER(10,0),
G3E_FNO NUMBER(5,0),
G3E_CNO NUMBER(5,0),
G3E_FID NUMBER(10,0),
G3E_CID NUMBER(10,0),
G3E_GEOMETRY SDO_GEOMETRY
)
/

--insert into g3e_component (G3E_CNO, G3E_USERNAME, G3E_NAME, G3E_TOOLTIP, G3E_TYPE, G3E_GEOMETRYTYPE, G3E_TABLE, G3E_DETAIL, G3E_ALIGNMENTFIELD, G3E_DCNO, G3E_DTNO, G3E_GEOMETRYFIELD, G3E_SUBSETATTRIBUTE, G3E_EDITDATE, G3E_SUBTYPE, G3E_LOCALECOMMENT, G3E_LRNO, G3E_PARTITIONATTRIBUTE, G3E_LTT)
INSERT INTO G3E_COMPONENT VALUES (21801, 'Estado IBGE', 'GC_ESTADO_IBGE','Estado', 1, NULL, 'GC_ESTADO_IBGE', 0, NULL, 31, NULL, NULL, NULL, SYSDATE, NULL, NULL, NULL, NULL, 0);
COMMIT;

--PASSO 2
--INSERIR NA TABELA DE COMPONENTES
--RELACIONADO AO COMPONENTE GRÁFICO
-- insert into g3e_component (G3E_CNO, G3E_USERNAME, G3E_NAME, G3E_TOOLTIP, G3E_TYPE, G3E_GEOMETRYTYPE, G3E_TABLE, G3E_DETAIL, G3E_ALIGNMENTFIELD, G3E_DCNO, G3E_DTNO, G3E_GEOMETRYFIELD, G3E_SUBSETATTRIBUTE, G3E_EDITDATE, G3E_SUBTYPE, G3E_LOCALECOMMENT, G3E_LRNO, G3E_PARTITIONATTRIBUTE, G3E_LTT)
INSERT INTO G3E_COMPONENT VALUES (21810, 'Estado Polygon', 'GC_ESTADO_IBGE_P','Estado Polygon', 8, 'PolygonGeometry', 'GC_ESTADO_IBGE_P', 0, NULL, 31, NULL, 'G3E_GEOMETRY', NULL, SYSDATE, NULL, NULL, NULL, NULL, 0);
COMMIT;

--PASSO 3
--RELACIONAR O COMPONENTE COM UMA FEATURE
--insert into g3e_feature (G3E_FNO, G3E_USERNAME, G3E_TOOLTIP, G3E_PRIMARYGEOGRAPHICCNO, G3E_PRIMARYATTRIBUTECNO, G3E_DCNO, G3E_PRIMARYDETAILCNO, G3E_NUMBEROFNODES, G3E_IMPORTFEATURENAME, G3E_REPLACE, G3E_NAME, G3E_EDITDATE, G3E_LOCALECOMMENT, G3E_MERGE, G3E_CLASSIFICATIONANO, G3E_IDENTIFIERVIEW, G3E_BULKEDIT, G3E_ICONORDINAL, G3E_EDITROLE, G3E_SELECTROLE, G3E_DELETEROLE, G3E_RINO, G3E_RIARGGROUPNO, G3E_PRIMARYSCHEMCNO, G3E_SECONDARYSCHEMCNO, G3E_LABELSCHEMCNO)
INSERT INTO G3E_FEATURE VALUES (21800, 'Estado IBGE', 'Estado', 21810, 21801, 31, null, null, null, 0, null, sysdate, null, 1, null, null, 0, null, 'EVERYONE', 'EVERYONE', 'EVERYONE', NULL, NULL, NULL, NULL, NULL, 'EVERYONE');
COMMIT;

INSERT INTO G3E_FEATURECOMPONENT VALUES(21801, 21800, 21801, 1, 0, 0, 7, 1, NULL, NULL, 1, 1, 0, NULL, 1, SYSDATE, 1, 3, 4, 3, 1, NULL, 0, 0, NULL, NULL, 1, NULL, NULL, NULL, 1,  NULL, NULL, NULL, 0, NULL);
COMMIT;

--RELACIONADO AO COMPONENTE GRÁFICO
--insert into g3e_featurecomponent (G3E_FCNO, G3E_FNO, G3E_CNO, G3E_REQUIRED, G3E_REPEATING, G3E_AUTOREPEAT, G3E_PINO, G3E_ORDINAL, G3E_INTERFACEARGUMENT, G3E_DERIVEDFROMCNO, G3E_INSERTORDINAL, G3E_DELETEORDINAL, G3E_REFRESH, G3E_ALTERNATEREQUIREDCNO, G3E_REPLACE, G3E_EDITDATE, G3E_BREAKACTION, G3E_COMPONENTELIMINATION, G3E_COMPONENTASSIGNMENT, G3E_COMPONENTADJUSTMENT, G3E_GEOPROXIMITYTOLERANCE, G3E_BREAKLINEARCNO, G3E_ALTERNATEGEOGRAPHIC, G3E_ALTERNATEGEOORDINAL, G3E_RINO, G3E_RIARGGROUPNO, G3E_INCLUDEINPLACEMENT, G3E_MERGEMAXDISTANCE, G3E_MERGECOMMONPRECOND, G3E_MERGEPRECOND, G3E_MERGEOCCURRENCES, G3E_MERGERINO, G3E_MERGERIARGGROUPNO, G3E_CCNO, G3E_GENERATE, G3E_DETAILPLACEMENTCNO)
INSERT INTO G3E_FEATURECOMPONENT VALUES(21810, 21800, 21810, 1, 0, 0, 7, 2, NULL, NULL, 2, 2, 0, NULL, 1, SYSDATE, 1, 2, 2, 1, 1, NULL, 0, 0, NULL, NULL, 1, NULL, NULL, NULL, 1,  NULL, NULL, NULL, 0, NULL);
COMMIT;

--PASSO 4A
--CRIAR VIEWS DE COMPONENTE
CREATE OR REPLACE VIEW VGC_ESTADO_IBGE_P AS
SELECT A.G3E_ID, A.G3E_FNO, A.G3E_CNO, A.G3E_FID, A.G3E_CID, G3E_GEOMETRY FROM GC_ESTADO_IBGE_P A
/

--PASSO 4B
--CRIAR DEFINIÇÕES DA VIEW
--INSERIR SEM G3E_LENO (1o NULL)
INSERT INTO G3E_COMPONENTVIEWDEFINITION VALUES(21810, 'VGC_ESTADO_IBGE_P', 21800, 21810, NULL, NULL, SYSDATE, 0);
COMMIT;

INSERT INTO G3E_COMPONENTVIEWCOMPOSITION VALUES(218010, 21810, 21810, NULL, SYSDATE, 21800);
COMMIT;

--insert into g3e_attribute (G3E_ANO, G3E_CNO, G3E_VNO, G3E_FIELD, G3E_USERNAME, G3E_FORMAT, G3E_PRECISION, G3E_DOMAINTABLE, G3E_DOMAINFIELD, G3E_REQUIRED, G3E_FINO, G3E_FUNCTIONALORDINAL, G3E_FUNCTIONALTYPE, G3E_INTERFACEARGUMENT, G3E_TOOLTIP, G3E_FOREIGNKEYTABLE, G3E_FOREIGNKEYFIELD, G3E_HYPERTEXT, G3E_PNO, G3E_COPY, G3E_EXCLUDEFROMEDIT, G3E_DATATYPE, G3E_ADDITIONALREFFIELDS, G3E_IMPORTFIELD, G3E_EXCLUDEFROMREPLACE, G3E_EDITDATE, G3E_WIDTHINTWIPS, G3E_CATALOGCOPYVALUE, G3E_LOCALECOMMENT, G3E_BREAKCOPY, G3E_COPYATTRIBUTE, G3E_WRAPTEXT, G3E_MERGEEXPRESSION, G3E_RINO, G3E_RIARGGROUPNO, G3E_UNIQUE, G3E_COMPRELATIVEANO, G3E_FUNCTIONALVALIDATION, G3E_ROLE, G3E_FKQRINO, G3E_FKQARGGROUPNO, G3E_DESCRIPTION)
INSERT INTO G3E_ATTRIBUTE VALUES(2180101, 21801, NULL, 'OSM_ID', 'ID Open Street Maps', NULL, NULL, NULL, NULL, 0,
NULL, NULL, NULL, NULL, NULL, NULL, NULL, NULL, NULL, 0, 0, 10, NULL, NULL, 0, SYSDATE,  NULL, NULL, NULL, 0, 0, 1,
NULL, NULL, NULL, 0, NULL, 1, 'EVERYONE', NULL, NULL, NULL);
COMMIT;

INSERT INTO G3E_ATTRIBUTE VALUES(2180102, 21801, NULL, 'NAME_ESTADO', 'Name', NULL, NULL, NULL, NULL, 0,
NULL, NULL, NULL, NULL, NULL, NULL, NULL, NULL, NULL, 0, 0, 10, NULL, NULL, 0, SYSDATE,  NULL, NULL, NULL, 0, 0, 1,
NULL, NULL, NULL, 0, NULL, 1, 'EVERYONE', NULL, NULL, NULL);
COMMIT;

INSERT INTO G3E_ATTRIBUTE VALUES(2180103, 21801, NULL, 'SIGLA', 'UF', NULL, NULL, NULL, NULL, 0,
NULL, NULL, NULL, NULL, NULL, NULL, NULL, NULL, NULL, 0, 0, 10, NULL, NULL, 0, SYSDATE,  NULL, NULL, NULL, 0, 0, 1,
NULL, NULL, NULL, 0, NULL, 1, 'EVERYONE', NULL, NULL, NULL);
COMMIT;

INSERT INTO G3E_ATTRIBUTE VALUES(2180104, 21801, NULL, 'POPULACAO', 'População', NULL, NULL, NULL, NULL, 0,
NULL, NULL, NULL, NULL, NULL, NULL, NULL, NULL, NULL, 0, 0, 10, NULL, NULL, 0, SYSDATE,  NULL, NULL, NULL, 0, 0, 1,
NULL, NULL, NULL, 0, NULL, 1, 'EVERYONE', NULL, NULL, NULL);
COMMIT;

INSERT INTO G3E_ATTRIBUTE VALUES(2180105, 21801, NULL, 'CODIGO_IBGE', 'Código do IBGE', NULL, NULL, NULL, NULL, 0,
NULL, NULL, NULL, NULL, NULL, NULL, NULL, NULL, NULL, 0, 0, 10, NULL, NULL, 0, SYSDATE,  NULL, NULL, NULL, 0, 0, 1,
NULL, NULL, NULL, 0, NULL, 1, 'EVERYONE', NULL, NULL, NULL);
COMMIT;

--PASSO 5
--CRIAR ATRIBUTOS
--insert into g3e_attribute (G3E_ANO, G3E_CNO, G3E_VNO, G3E_FIELD, G3E_USERNAME, G3E_FORMAT, G3E_PRECISION, G3E_DOMAINTABLE, G3E_DOMAINFIELD, G3E_REQUIRED, G3E_FINO, G3E_FUNCTIONALORDINAL, G3E_FUNCTIONALTYPE, G3E_INTERFACEARGUMENT, G3E_TOOLTIP, G3E_FOREIGNKEYTABLE, G3E_FOREIGNKEYFIELD, G3E_HYPERTEXT, G3E_PNO, G3E_COPY, G3E_EXCLUDEFROMEDIT, G3E_DATATYPE, G3E_ADDITIONALREFFIELDS, G3E_IMPORTFIELD, G3E_EXCLUDEFROMREPLACE, G3E_EDITDATE, G3E_WIDTHINTWIPS, G3E_CATALOGCOPYVALUE, G3E_LOCALECOMMENT, G3E_BREAKCOPY, G3E_COPYATTRIBUTE, G3E_WRAPTEXT, G3E_MERGEEXPRESSION, G3E_RINO, G3E_RIARGGROUPNO, G3E_UNIQUE, G3E_COMPRELATIVEANO, G3E_FUNCTIONALVALIDATION, G3E_ROLE, G3E_FKQRINO, G3E_FKQARGGROUPNO, G3E_DESCRIPTION)
INSERT INTO G3E_ATTRIBUTE VALUES(2181001, 21810, NULL, 'G3E_ID', 'LTT ID GComms', 'General Number', NULL, NULL, NULL, 0,
NULL, NULL, NULL, NULL, NULL, NULL, NULL, NULL, NULL, 0, 0, 4, NULL, NULL, 0, SYSDATE,  NULL, NULL, NULL, 0, 0, 1,
NULL, NULL, NULL, 0, NULL, 1, 'EVERYONE', NULL, NULL, NULL);
COMMIT;

INSERT INTO G3E_ATTRIBUTE VALUES(2181002, 21810, NULL, 'G3E_FNO', 'Número da Entidade GComms', 'General Number', NULL, NULL, NULL, 0,
NULL, NULL, NULL, NULL, NULL, NULL, NULL, NULL, NULL, 0, 0, 4, NULL, NULL, 0, SYSDATE,  NULL, NULL, NULL, 0, 0, 1,
NULL, NULL, NULL, 0, NULL, 1, 'EVERYONE', NULL, NULL, NULL);
COMMIT;

INSERT INTO G3E_ATTRIBUTE VALUES(2181003, 21810, NULL, 'G3E_CNO', ' Número do Componente GComms', 'General Number', NULL, NULL, NULL, 0,
NULL, NULL, NULL, NULL, NULL, NULL, NULL, NULL, NULL, 0, 0, 4, NULL, NULL, 0, SYSDATE,  NULL, NULL, NULL, 0, 0, 1,
NULL, NULL, NULL, 0, NULL, 1, 'EVERYONE', NULL, NULL, NULL);
COMMIT;

INSERT INTO G3E_ATTRIBUTE VALUES(2181004, 21810, NULL, 'G3E_FID', 'ID da Entidade GComms', 'General Number', NULL, NULL, NULL, 0,
NULL, NULL, NULL, NULL, NULL, NULL, NULL, NULL, NULL, 0, 0, 4, NULL, NULL, 0, SYSDATE,  NULL, NULL, NULL, 0, 0, 1,
NULL, NULL, NULL, 0, NULL, 1, 'EVERYONE', NULL, NULL, NULL);
COMMIT;

INSERT INTO G3E_ATTRIBUTE VALUES(2181005, 21810, NULL, 'G3E_CID', 'ID do Componente GComms', 'General Number', NULL, NULL, NULL, 0,
NULL, NULL, NULL, NULL, NULL, NULL, NULL, NULL, NULL, 0, 0, 4, NULL, NULL, 0, SYSDATE,  NULL, NULL, NULL, 0, 0, 1,
NULL, NULL, NULL, 0, NULL, 1, 'EVERYONE', NULL, NULL, NULL);
COMMIT;

INSERT INTO G3E_ATTRIBUTE VALUES(2181006, 21810, NULL, 'G3E_GEOMETRY', 'Geometria GComms', '', NULL, NULL, NULL, 0,
NULL, NULL, NULL, NULL, NULL, NULL, NULL, NULL, NULL, 0, 0, 32, NULL, NULL, 0, SYSDATE,  NULL, NULL, NULL, 1, 0, 1,
NULL, NULL, NULL, 0, NULL, 1, 'EVERYONE', NULL, NULL, NULL);
COMMIT;


--PASSO 6
execute MG3ElanguageSubTableUtils.SynchronizeSubTables;
COMMIT;
execute MG3EOTCreateOptimizedTables;
COMMIT;
execute MG3ECreateOptableViews;
COMMIT;

--PASSO 7
execute G3EOneTable.InstallOneTable('GC_ESTADO_IBGE');
COMMIT;
execute G3EOneTable.InstallOneTable('GC_ESTADO_IBGE_P');
COMMIT;

--PASSO 8
execute LTT_Role.Create_Public_Synonym;
COMMIT;
execute LTT_Role.Create_Component_View_Synonym;
COMMIT;
execute LTT_Role.Grant_Privs_To_Role;
COMMIT;

--DE AGORA EM DIANTE SEGUE FORA DO ROTEIRO, QUE INCLUI CRIAR REGRAS DE ESTILO, INSERIR NA LEGENDA E ETC...
--1 CRIAR REGRA DE ESTILOS
--INSERIR NA G3E_POINTSTYLE
--LINHA DA RAILWAY
insert into G3E_LINESTYLE (G3E_SNO, G3E_USERNAME, G3E_COLOR, G3E_WIDTH, G3E_OFFSET, G3E_STARTSYMBOL, G3E_ENDSYMBOL, G3E_STROKEPATTERN, G3E_PLOTREDLINE, G3E_EDITDATE, G3E_STYLEUNITS, G3E_TRANSLUCENCY)
values (218000011, 'Polygon Estado', 7204838, 1, 0, null, null, 100, 1, SYSDATE, 1, null);
commit;

--INSERIR NA G3E_STYLERULE
insert into g3e_stylerule (G3E_SRROWNO, G3E_SRNO, G3E_RULE, G3E_FILTER, G3E_FILTERORDINAL, G3E_SNO, G3E_EDITDATE, G3E_DESCRIPTION, G3E_LOCALECOMMENT)
values (218000001, 2180001, 'Polygon Estado', null, 99, 218000011, SYSDATE, 'Polygon Estado', null);
COMMIT;

--2 INSERIR NA LEGENDENTRY
-- insert into g3e_legendentry (G3E_LENO, G3E_LEGENDENTRY, G3E_USERNAME, G3E_VNO, G3E_SRNO, G3E_LRNO, G3E_EDITDATE, G3E_ROLE, G3E_LAYERNAME, G3E_LOCALECOMMENT, G3E_TRANSLUCENCY, G3E_FILLTRANSLUCENCY)
INSERT INTO G3E_LEGENDENTRY VALUES(21810, 'VGC_ESTADO_IBGE_P', 'Polygon Estado', 21810, 2180001, NULL, SYSDATE, 'EVERYONE', NULL, NULL, NULL, NULL);
COMMIT;

--Referenciando a G3E_leno na componentview
UPDATE G3E_COMPONENTVIEWDEFINITION SET G3E_LENO = 21810 WHERE G3E_VNO = 21810;
COMMIT;


--3 INSERIR NO CONTROLE DE EXIBIÇÃO DE LEGENDA
INSERT INTO G3E_LEGGEO_DEFDSP VALUES('Estado', 'Estado', 2, (select max(g3e_ordinal) + 1 from G3E_LEGGEO_DEFDSP), 0, sysdate, (select max(g3e_dcrowno) + 1 from G3E_LEGGEO_DEFDSP), NULL, NULL);
COMMIT;

--3 INSERIR NO CONTROLE DE EXIBIÇÃO DE LEGENDA
INSERT INTO G3E_LEGGEO_DEFDSP VALUES('VGC_ESTADO_IBGE_P', 'Polygon Estado', 3, (select max(g3e_ordinal) + 1 from G3E_LEGGEO_DEFDSP), 1, sysdate, (select max(g3e_dcrowno) + 1 from G3E_LEGGEO_DEFDSP), NULL, NULL);
COMMIT;

--4 INSERIR NA LEGENDA
INSERT INTO G3E_LEGGEO_DEFAULT VALUES(21810, NULL, 22, SYSDATE);
COMMIT;
--UPDATE NA G3E_LEGGEO_DEFAU
UPDATE G3E_LEGGEO_DEFAU SET G3E_DISPLAYSCALEMIN = 3000000, G3E_DISPLAYSCALEMAX = 70000000 WHERE G3E_LENO = 21810;
COMMIT;

--5 INSERIR NA INSERÇÃO DE FEATURE

INSERT INTO G3E_PLACEMENTSELECTION VALUES(NULL, 21800, 'Estado', 2, (select max(g3e_ordinal) + 1 from g3e_placementselection), sysdate, (select max(g3e_psrowno) + 1 from G3E_PLACEMENTSELECTION), NULL, (select max(g3e_iconordinal) + 1 from G3E_PLACEMENTSELECTION), 'EVERYONE');
COMMIT;

--6 INSERIR DIALOGSTAB
INSERT INTO G3E_DIALOGTAB VALUES (2180001, 'Estado', 'V', SYSDATE, NULL ,NULL, NULL, NULL);
INSERT INTO G3E_DIALOGTAB VALUES (2180002, 'Estado', 'V', SYSDATE, NULL ,NULL, NULL, NULL);
INSERT INTO G3E_DIALOGTAB VALUES (2180003, 'Estado', 'V', SYSDATE, NULL ,NULL, NULL, NULL);
COMMIT;

--7 INSERIR DIALOG
INSERT INTO G3E_DIALOG VALUES(2180001, 21801, 'Placement', 21800, 1, null, 2180001, sysdate);
commit;
INSERT INTO G3E_DIALOG VALUES(2180002, 21802, 'Edit', 21800, 2, null, 2180002, sysdate);
commit;
INSERT INTO G3E_DIALOG VALUES(2180003, 21803, 'Review', 21800, 3, null, 2180003, sysdate);
commit;

--8 INSERIR TABATTRIBUTES
--PLACEMENT
-- insert into g3e_tabattribute (G3E_TANO, G3E_ANO, G3E_ORDINAL, G3E_PNO, G3E_READONLY, G3E_DEFAULT, G3E_REFRESH, G3E_DTNO, G3E_FIELDVALUEFILTER, G3E_TRAVERSALANO, G3E_EDITDATE, G3E_TRIGGERPOPULATE, G3E_USEFILTERTOTRANSLATEKEY, G3E_FKQRINO, G3E_FKQARGGROUPNO)
insert into g3e_tabattribute values(218000101, 2180101, 1, NULL, 0, null, 1, 2180001, null, null, sysdate, 1, 0, null, null);
commit;

insert into g3e_tabattribute values(218000102, 2180102, 2, NULL, 0, null, 1, 2180001, null, null, sysdate, 1, 0, null, null);
commit;

insert into g3e_tabattribute values(218000103, 2180103, 3, NULL, 0, null, 1, 2180001, null, null, sysdate, 1, 0, null, null);
commit;

insert into g3e_tabattribute values(218000104, 2180104, 3, NULL, 0, null, 1, 2180001, null, null, sysdate, 1, 0, null, null);
commit;

insert into g3e_tabattribute values(218000105, 2180105, 3, NULL, 0, null, 1, 2180001, null, null, sysdate, 1, 0, null, null);
commit;

--EDIT
insert into g3e_tabattribute values(218000201, 2180101, 1, NULL, 0, null, 1, 2180002, null, null, sysdate, 1, 0, null, null);
commit;

insert into g3e_tabattribute values(218000202, 2180102, 2, NULL, 0, null, 1, 2180002, null, null, sysdate, 1, 0, null, null);
commit;

insert into g3e_tabattribute values(218000203, 2180103, 3, NULL, 0, null, 1, 2180002, null, null, sysdate, 1, 0, null, null);
commit;

insert into g3e_tabattribute values(218000204, 2180104, 3, NULL, 0, null, 1, 2180002, null, null, sysdate, 1, 0, null, null);
commit;

insert into g3e_tabattribute values(218000205, 2180105, 3, NULL, 0, null, 1, 2180002, null, null, sysdate, 1, 0, null, null);
commit;


--REVIEW
insert into g3e_tabattribute values(218000301, 2180101, 1, null, 1, null, 1, 2180003, null, null, sysdate, 0, 0, null, null);
commit;

insert into g3e_tabattribute values(218000302, 2180102, 2, null, 1, null, 1, 2180003, null, null, sysdate, 0, 0, null, null);
commit;

insert into g3e_tabattribute values(218000303, 2180103, 3, null, 1, null, 1, 2180003, null, null, sysdate, 0, 0, null, null);
commit;

insert into g3e_tabattribute values(218000304, 2180104, 4, null, 1, null, 1, 2180003, null, null, sysdate, 0, 0, null, null);
commit;

insert into g3e_tabattribute values(218000305, 2180105, 5, null, 1, null, 1, 2180003, null, null, sysdate, 0, 0, null, null);
commit;


--FIND
INSERT INTO G3E_FIND VALUES(G3E_FIND_SEQ.NEXTVAL, 21800, 21801, 2180102, 21801, 2180103, SYSDATE, 'EVERYONE');
INSERT INTO G3E_FIND VALUES(G3E_FIND_SEQ.NEXTVAL, 21800, 21801, 8012419, null, null, SYSDATE, 'EVERYONE');
COMMIT;

spool off;